fold,case,material_name,condition_id,n_runs,Ridge_A_MAE,Ridge_B_MAE,Ridge_delta_MAE,Ridge_rel_delta_MAE_%,Ridge_improved,SVR_A_MAE,SVR_B_MAE,SVR_delta_MAE,SVR_rel_delta_MAE_%,SVR_improved,Random Forest_A_MAE,Random Forest_B_MAE,Random Forest_delta_MAE,Random Forest_rel_delta_MAE_%,Random Forest_improved,Gradient Boosting_A_MAE,Gradient Boosting_B_MAE,Gradient Boosting_delta_MAE,Gradient Boosting_rel_delta_MAE_%,Gradient Boosting_improved
1,1,Cast Iron,C4_CastIron_d1.50_f0.50,13,0.19236573923248823,0.11099614323441319,-0.08136959599807504,-42.299422091859014,True,0.17745954491611066,0.11869266563092107,-0.05876687928518959,-33.11564859076478,True,0.15485723660791556,0.1293442716538316,-0.02551296495408395,-16.475151896633967,True,0.11707747175134396,0.09977137855163451,-0.017306093199709452,-14.781744891506671,True
2,2,Cast Iron,C2_CastIron_d0.75_f0.50,12,0.044657136093642635,0.08011731331843448,0.03546017722479185,79.40539928587121,False,0.0923631273784491,0.05887214068456481,-0.033490986693884284,-36.26012635611413,True,0.09171247898601131,0.10437874798419726,0.012666268998185945,13.810845741197229,False,0.0911725317374225,0.10748715711469044,0.01631462537726794,17.89423312742282,False
3,3,Cast Iron,C1_CastIron_d0.75_f0.25,14,0.092178042187479,0.09983823680662252,0.007660194619143509,8.310216226510429,False,0.06381556079921039,0.07733804722693123,0.013522486427720845,21.18995157038276,False,0.06052433607108933,0.07101556505953212,0.010491228988442791,17.33390181450357,False,0.07478867651563681,0.09079546239342787,0.016006785877791058,21.40268637384479,False
4,4,Cast Iron,C3_CastIron_d1.50_f0.25,7,0.07752416589701963,0.12787683750149767,0.05035267160447804,64.9509362943224,False,0.08674874131558588,0.04925847504023079,-0.037490266275355094,-43.217072324966786,True,0.06419717768748003,0.060935332971617295,-0.00326184471586273,-5.080978375313946,True,0.06385848210408918,0.05429024140952065,-0.009568240694568526,-14.983507874446994,True
5,5,Stainless Steel J45,C8_Stainless_d1.50_f0.50,6,0.1753542450640333,0.12332815966298095,-0.052026085401052344,-29.66913369109155,True,0.19189247507265006,0.08664850549148977,-0.1052439695811603,-54.845282255760765,True,0.19574593143559463,0.1623369115549468,-0.03340901988064782,-17.067542418699126,True,0.18433199627589922,0.13603146668212637,-0.048300529593772845,-26.203009010697713,True
6,6,Stainless Steel J45,C7_Stainless_d1.50_f0.25,1,0.35260305996894653,0.09291164213834532,-0.25969141783060123,-73.64979131306235,True,0.2959397173595917,0.2623936291554585,-0.033546088204133184,-11.335446456269963,True,0.11917841030095568,0.11174086007340547,-0.007437550227550202,-6.24068588326401,True,0.16642995666486443,0.08655570686177172,-0.07987424980309271,-47.9927120115361,True
7,7,Stainless Steel J45,C5_Stainless_d0.75_f0.25,7,0.07001599735336593,0.09499373488830327,0.024977737534937344,35.67432940914405,False,0.10267976482776997,0.03902402363046997,-0.0636557411973,-61.994436103426054,True,0.09407524343687622,0.09015418339259422,-0.003921060044281999,-4.168004143314283,True,0.09816292914197522,0.08010186358604934,-0.018061065555925876,-18.399069499855447,True
8,8,Stainless Steel J45,C6_Stainless_d0.75_f0.50,5,0.14482564507914217,0.08848049629147464,-0.056345148787667526,-38.90550513817968,True,0.13211410444414762,0.12884534064257588,-0.0032687638015717335,-2.474197448731624,True,0.12701674818841716,0.119709232965138,-0.00730751522327916,-5.753190289865681,True,0.17102310591799225,0.15736497870974747,-0.013658127208244775,-7.98612978926603,True
9,9,Cast Iron,C4_CastIron_d1.50_f0.50,9,0.13484551335713432,0.09458649121637053,-0.040259022140763795,-29.855663075818455,True,0.15553702885869075,0.07895854544586776,-0.07657848341282299,-49.234888935930776,True,0.11524046444105185,0.10296802133286308,-0.012272443108188771,-10.649421770133882,True,0.10871755458825011,0.0770610885634857,-0.03165646602476441,-29.118081384977867,True
10,10,Cast Iron,C3_CastIron_d1.50_f0.25,10,0.04663415127060042,0.041530948992031566,-0.005103202278568857,-10.943058122698309,True,0.08401830792751587,0.05886494799427526,-0.02515335993324061,-29.937951089113664,True,0.06545812289142924,0.05674690864432767,-0.00871121424710157,-13.308072187695094,True,0.05895455328075415,0.04578430598850739,-0.013170247292246758,-22.339660907152044,True
11,11,Cast Iron,C1_CastIron_d0.75_f0.25,20,0.092624099590082,0.08091548714967156,-0.011708612440410437,-12.6410000121223,True,0.11922621610595038,0.06978208500133873,-0.049444131104611655,-41.47085491723828,True,0.10625988960945883,0.09634258718828906,-0.009917302421169769,-9.333062981355638,True,0.10560223462379281,0.09176337181229913,-0.013838862811493685,-13.104706411558933,True
12,12,Cast Iron,C2_CastIron_d0.75_f0.50,12,0.08820926652190586,0.061747298252127734,-0.026461968269778126,-29.999079816865464,True,0.08966273469735202,0.05014573698182225,-0.039516997715529766,-44.07293381014488,True,0.11612103223153074,0.0877933655666176,-0.02832766666491314,-24.394949063517913,True,0.11435833271041214,0.07588510471223094,-0.0384732279981812,-33.64269755104455,True
13,13,Stainless Steel J45,C5_Stainless_d0.75_f0.25,13,0.36223903699008686,0.23484781346383532,-0.12739122352625154,-35.167723662465946,True,0.37140479604879684,0.25975417667520656,-0.11165061937359028,-30.061706408045712,True,0.38752094397692805,0.3707550272340674,-0.016765916742860654,-4.326454351292779,True,0.3600334448582022,0.311229820899941,-0.04880362395826121,-13.55530289067515,True
14,14,Stainless Steel J45,C6_Stainless_d0.75_f0.50,7,0.1916026853042288,0.14020175111099817,-0.051400934193230635,-26.826833930649602,True,0.219107037508712,0.19079980160076213,-0.028307235907949868,-12.919364083330429,True,0.231846630459759,0.18374838164206692,-0.04809824881769209,-20.74571828898776,True,0.22103525598897086,0.18655899513788196,-0.0344762608510889,-15.597629752246034,True
15,15,Stainless Steel J45,C7_Stainless_d1.50_f0.25,6,0.12819341417800376,0.06790447674866706,-0.06028893742933669,-47.02966826799863,True,0.21014380271372382,0.1495138676408196,-0.060629935072904234,-28.85164077643518,True,0.21522356046373378,0.1916523218430303,-0.023571238620703483,-10.951978756375677,True,0.21896841338998976,0.17540045453998612,-0.04356795885000364,-19.896914890828434,True
16,16,Stainless Steel J45,C8_Stainless_d1.50_f0.50,3,0.2805499004955928,0.14583653631744406,-0.13471336417814875,-48.017612531737456,True,0.13764170756679103,0.15937712694154327,0.021735419374752235,15.791303202341528,False,0.10663432223296104,0.13617345741167983,0.029539135178718784,27.70133908122514,False,0.16866491653374652,0.1360029067731261,-0.03266200976062042,-19.365028858319448,True
