case,run,material_name,material_code,DOC_mm,feed_mm_rev,condition_id,VB_mm_actual,Ridge_A_pred,Ridge_B_pred,SVR_A_pred,SVR_B_pred,Random Forest_A_pred,Random Forest_B_pred,Gradient Boosting_A_pred,Gradient Boosting_B_pred
1,1,Cast Iron,1,1.5,0.5,C4_CastIron_d1.50_f0.50,0.0,0.23765507902500793,-0.08026210709374809,0.1769005496799635,0.09783370880869086,0.18223539553487886,0.17247047508093657,0.1771214966332626,0.12589560200641195
1,4,Cast Iron,1,1.5,0.5,C4_CastIron_d1.50_f0.50,0.11,0.2811007532970825,-0.012033919134344817,0.2383473442660463,0.14302975752448915,0.2069829489455204,0.18977735648242802,0.1781750281799247,0.17246931942971122
1,6,Cast Iron,1,1.5,0.5,C4_CastIron_d1.50_f0.50,0.2,0.3437311211818629,0.16122767115384037,0.22230341116531593,0.2390555628781647,0.22790982091982098,0.2195759597809598,0.15644078494006683,0.19878669278917893
1,7,Cast Iron,1,1.5,0.5,C4_CastIron_d1.50_f0.50,0.24,0.4448495756702899,0.2248238942187608,0.47379006899345905,0.24316594583011497,0.40285089476446473,0.31796865977722977,0.422693976499394,0.3260601139255352
1,8,Cast Iron,1,1.5,0.5,C4_CastIron_d1.50_f0.50,0.29,0.4391488521783323,0.2927023450161772,0.44229614049265426,0.3876477641488899,0.3411473749994414,0.34700811662623593,0.2823218069790614,0.3011235957980724
1,9,Cast Iron,1,1.5,0.5,C4_CastIron_d1.50_f0.50,0.28,0.5024387821753653,0.3705211366204566,0.5610783400920497,0.43762933045448527,0.5154087348895513,0.49834875834562753,0.45873314447869057,0.4178559936072248
1,10,Cast Iron,1,1.5,0.5,C4_CastIron_d1.50_f0.50,0.29,0.5085811325207579,0.4686517353103179,0.3955534626560694,0.4575698584692901,0.5350912176845342,0.5094076985720679,0.4901550155472046,0.4988884816326523
1,11,Cast Iron,1,1.5,0.5,C4_CastIron_d1.50_f0.50,0.38,0.6264067375173302,0.4714171330534913,0.6697589281677048,0.5355468722887802,0.6157391738378578,0.5789819939417309,0.593386874327167,0.5332600107604523
1,12,Cast Iron,1,1.5,0.5,C4_CastIron_d1.50_f0.50,0.4,0.583526286845301,0.5514675551450534,0.5599119936653599,0.5436255316998894,0.5610867363325529,0.5242659128577821,0.5084336679850711,0.4929954726078225
1,13,Cast Iron,1,1.5,0.5,C4_CastIron_d1.50_f0.50,0.43,0.5913113135421545,0.542565501804811,0.6284435479543978,0.5910724098577571,0.5998823785791951,0.5855154431608125,0.5405525847737275,0.5374882746756715
1,14,Cast Iron,1,1.5,0.5,C4_CastIron_d1.50_f0.50,0.45,0.5913871581653808,0.5991270553973713,0.5685133901552291,0.5929980433839206,0.5858043156976324,0.5587978573022266,0.5081128548536662,0.5460695014449104
1,15,Cast Iron,1,1.5,0.5,C4_CastIron_d1.50_f0.50,0.5,0.6584272119747638,0.6812124908847684,0.6700146951436691,0.654765167133253,0.6210328715290557,0.5930347608969978,0.5464914350803143,0.5797882779701181
1,17,Cast Iron,1,1.5,0.5,C4_CastIron_d1.50_f0.50,0.44,0.7021906059287184,0.6690404479594327,0.7100622114775198,0.6290647007242488,0.6279722121883964,0.5963225386747756,0.5669136463281773,0.5739199701018447
2,2,Cast Iron,1,0.75,0.5,C2_CastIron_d0.75_f0.50,0.14,0.11121283092863962,0.011968375239846674,0.0886965894344568,0.11887919057389146,0.07144595473327507,0.0655019777659561,0.054168737580938986,0.04941443183775939
2,3,Cast Iron,1,0.75,0.5,C2_CastIron_d0.75_f0.50,0.14,0.1064716200029959,0.014527709247080967,0.08496818958279045,0.12017435878526,0.07182719557576593,0.06726893289416122,0.06003461034824817,0.050921866890625896
2,4,Cast Iron,1,0.75,0.5,C2_CastIron_d0.75_f0.50,0.14,0.14707745667599742,0.05364621313155854,0.09860480969999202,0.1234707690706972,0.07207755646487682,0.06654090550488383,0.05212821637909339,0.04941443183775939
2,5,Cast Iron,1,0.75,0.5,C2_CastIron_d0.75_f0.50,0.15,0.2429488977624307,0.08301094552416544,0.2443860191574383,0.08810989683600862,0.18242087645535215,0.16397913705002068,0.1688793498845364,0.10362429464922698
2,7,Cast Iron,1,0.75,0.5,C2_CastIron_d0.75_f0.50,0.18,0.17918670888621768,0.06261767856429357,0.2746641113014734,0.225184277411615,0.2379144659355601,0.20229275755475962,0.1744193157154817,0.12598088007078237
2,8,Cast Iron,1,0.75,0.5,C2_CastIron_d0.75_f0.50,0.22,0.22189789499088708,0.12715467150054693,0.2506720116048637,0.25566371312055447,0.1840402201254844,0.16395988940682568,0.16515731274285156,0.11431688542969455
2,9,Cast Iron,1,0.75,0.5,C2_CastIron_d0.75_f0.50,0.26,0.32834403171005605,0.2375960823867731,0.29503121000783217,0.30273272128417417,0.46656206123159605,0.43468457791322884,0.43312987244751266,0.3318222572752078
2,10,Cast Iron,1,0.75,0.5,C2_CastIron_d0.75_f0.50,0.31,0.3610014519525533,0.31482148260239495,0.39721592405558503,0.3490984394956078,0.5633753702542326,0.5151704968560596,0.5370486001044575,0.49301720482160505
2,11,Cast Iron,1,0.75,0.5,C2_CastIron_d0.75_f0.50,0.38,0.37865562923838975,0.42666047560756537,0.42138072228265816,0.46252633569159374,0.371476155609014,0.4086273645696091,0.34782295061512963,0.3984688877791217
2,12,Cast Iron,1,0.75,0.5,C2_CastIron_d0.75_f0.50,0.43,0.4206398598915294,0.4259696375633986,0.4943902399117199,0.4826486607459209,0.4843755965613246,0.490825257551043,0.47499805527294453,0.5025820239054666
2,13,Cast Iron,1,0.75,0.5,C2_CastIron_d0.75_f0.50,0.48,0.6196503720883211,0.6311007899131416,0.7847181793975566,0.6723134482791915,0.6077590093862275,0.727779511314476,0.6527169931620682,0.7394921751495251
2,14,Cast Iron,1,0.75,0.5,C2_CastIron_d0.75_f0.50,0.55,0.6511321768912384,0.6653163248557759,0.7581686995395013,0.6469323074519775,0.6690094505162588,0.7724575785729969,0.6610286533592941,0.7581361271612075
3,1,Cast Iron,1,0.75,0.25,C1_CastIron_d0.75_f0.25,0.0,0.041410408088996264,0.1361260787861599,0.15722670473919398,0.13771470526425428,0.10205859643010269,0.1037260893075956,0.11468322869413253,0.1123516449638781
3,2,Cast Iron,1,0.75,0.25,C1_CastIron_d0.75_f0.25,0.13,-0.01936888331556047,0.1076127892806914,0.10069985507185475,0.10216701485910457,0.0674061675893356,0.06943712484558699,0.10366575919683631,0.08898403571206377
3,3,Cast Iron,1,0.75,0.25,C1_CastIron_d0.75_f0.25,0.13,0.0002133983826113628,0.14355382900271008,0.09750578709238317,0.11276214308727495,0.07192979846138753,0.0734007557176389,0.10038343978388045,0.08898403571206377
3,5,Cast Iron,1,0.75,0.25,C1_CastIron_d0.75_f0.25,0.17,0.011902080910945967,0.1817082547925101,0.09215282309237527,0.1391536909147531,0.057104870639235854,0.05988234304700238,0.05547043713522808,0.06965035108694481
3,6,Cast Iron,1,0.75,0.25,C1_CastIron_d0.75_f0.25,0.19,0.09339084419859517,0.24587819414397893,0.15252920694379102,0.19450361092274973,0.11838573509134723,0.11961946979890542,0.10349528326254129,0.12673294006178432
3,7,Cast Iron,1,0.75,0.25,C1_CastIron_d0.75_f0.25,0.2,0.022465731023933844,0.20698158950559897,0.08583551702456504,0.15557903499612696,0.0707470044776197,0.07419862523703458,0.05686116284349808,0.08611517512020686
3,8,Cast Iron,1,0.75,0.25,C1_CastIron_d0.75_f0.25,0.23,0.1966998917243737,0.3102668241384107,0.2238949645275838,0.22155811422570068,0.17345703021868014,0.17786155301070292,0.3704970367624363,0.31142942549477814
3,9,Cast Iron,1,0.75,0.25,C1_CastIron_d0.75_f0.25,0.23,0.23633537668332305,0.3012015764630883,0.19798392446629626,0.25847484416915933,0.20460757795525733,0.20618712239230175,0.22273539205426116,0.2191574153569597
3,10,Cast Iron,1,0.75,0.25,C1_CastIron_d0.75_f0.25,0.26,0.33788846492987984,0.41660528414050063,0.31059919742907,0.4378655484493019,0.3244787818865917,0.34357194663850643,0.3036973340252386,0.35486312301748923
3,11,Cast Iron,1,0.75,0.25,C1_CastIron_d0.75_f0.25,0.28,0.29634032923099096,0.4463996648289117,0.3548497081706535,0.4183645204884109,0.30715635703693145,0.3288882560638305,0.34979409339243966,0.37607085434588045
3,12,Cast Iron,1,0.75,0.25,C1_CastIron_d0.75_f0.25,0.33,0.3085450672908099,0.5122413525966765,0.4019351880424674,0.5065623403983299,0.3490346525598522,0.3738295342388489,0.3838893450841587,0.47956404648897916
3,14,Cast Iron,1,0.75,0.25,C1_CastIron_d0.75_f0.25,0.36,0.32227720741268345,0.5199742422089675,0.4869423847428066,0.5010769523698492,0.4275126563510934,0.4557449404354771,0.4588669490207246,0.5361857415432236
3,15,Cast Iron,1,0.75,0.25,C1_CastIron_d0.75_f0.25,0.44,0.31769122558828355,0.5730798640394946,0.4882852048963182,0.571279557368233,0.4814493329208699,0.5081899045366346,0.46670674150938357,0.5767255761566387
3,16,Cast Iron,1,0.75,0.25,C1_CastIron_d0.75_f0.25,0.55,0.7723345749081926,0.7513313499263989,0.515818458612715,0.5318894201702908,0.5592885122426725,0.6008542336617296,0.4584817829933532,0.6035700145471461
4,1,Cast Iron,1,1.5,0.25,C3_CastIron_d1.50_f0.25,0.08,0.13609723677980473,-0.061535691419005334,0.14012534670159132,0.12174081169903633,0.16075183041761928,0.15397886583705023,0.1470463229881872,0.10547630914421385
4,2,Cast Iron,1,1.5,0.25,C3_CastIron_d1.50_f0.25,0.13,0.16661456647244613,0.036406899945717885,0.1066240685198091,0.1316812597864776,0.1181017210017071,0.10909167093309666,0.12551299418988704,0.09193469653932161
4,3,Cast Iron,1,1.5,0.25,C3_CastIron_d1.50_f0.25,0.2,0.25838179218740753,0.07670755332984747,0.3212762461527813,0.21094591456090842,0.2739895191870643,0.28438622205849623,0.2596088374415383,0.26673061326286
4,4,Cast Iron,1,1.5,0.25,C3_CastIron_d1.50_f0.25,0.31,0.1816428661396429,0.12904592334979273,0.08271924584298623,0.1965956926556019,0.154317065638136,0.15057559738416776,0.15362805286263242,0.15191619784929158
4,5,Cast Iron,1,1.5,0.25,C3_CastIron_d1.50_f0.25,0.35,0.27359411492036373,0.17840378966693504,0.2619971294107067,0.22826428760400994,0.3428843517727792,0.3454601049085323,0.28193456335572004,0.32330881788485205
4,6,Cast Iron,1,1.5,0.25,C3_CastIron_d1.50_f0.25,0.4,0.3353143981626211,0.3284740683808852,0.3833911381242183,0.394545295432669,0.5118074650742063,0.4659794529267374,0.47728894766112,0.4090435359584571
4,7,Cast Iron,1,1.5,0.25,C3_CastIron_d1.50_f0.25,0.49,0.3678730549378932,0.3773595942353434,0.4194288217475511,0.440153385072526,0.49813456754609264,0.47266983679516605,0.5041408770460183,0.4340590562254211
9,1,Cast Iron,1,1.5,0.5,C4_CastIron_d1.50_f0.50,0.0,0.17115860242030534,-0.17266248801191675,0.12711491193212976,0.10668845275730532,0.11095265583464194,0.10029228065074186,0.11419669606334516,0.059028585983560096
9,2,Cast Iron,1,1.5,0.5,C4_CastIron_d1.50_f0.50,0.1,0.16135996313026937,-0.1773318849843033,0.1258617628369379,0.11036566246426749,0.11905916377114986,0.10816918541264661,0.10182914061760726,0.0654388054446984
9,3,Cast Iron,1,1.5,0.5,C4_CastIron_d1.50_f0.50,0.14,0.2939673855439091,0.02105007985758295,0.20882611929473113,0.16899529163894317,0.19831601633171583,0.19164233507282188,0.15377619725076005,0.13984462060934952
9,4,Cast Iron,1,1.5,0.5,C4_CastIron_d1.50_f0.50,0.19,0.3671988599245162,0.15292634333438118,0.2692454592774287,0.2280241998775975,0.25817637628161316,0.24612955216128904,0.23516467694795098,0.21040563926852493
9,5,Cast Iron,1,1.5,0.5,C4_CastIron_d1.50_f0.50,0.27,0.4353581479223312,0.2566527776927491,0.5297006260169775,0.3072646695229676,0.4643823780361386,0.41064270822416754,0.45111837197298416,0.3782699965219328
9,6,Cast Iron,1,1.5,0.5,C4_CastIron_d1.50_f0.50,0.38,0.5507418756390501,0.35059035575944364,0.5883877713582355,0.4036133340977189,0.5906058445890415,0.5131931385956287,0.644840922461041,0.43440907041499305
9,7,Cast Iron,1,1.5,0.5,C4_CastIron_d1.50_f0.50,0.47,0.6097803957946345,0.4844747788055088,0.5555259419790389,0.45605370184811567,0.5621758006623798,0.5307775502754521,0.6009994258792599,0.4474369102949792
9,8,Cast Iron,1,1.5,0.5,C4_CastIron_d1.50_f0.50,0.64,0.6148356944791542,0.5804457418985665,0.45678934885339556,0.49292283396298975,0.5856531965997759,0.5291161998611608,0.6065214844094642,0.5160145935230241
9,9,Cast Iron,1,1.5,0.5,C4_CastIron_d1.50_f0.50,0.81,0.661119915681653,0.681525432311671,0.44803998411386703,0.5053481655348847,0.5808508589374382,0.5450183585358193,0.6169459554892333,0.5398285652455884
10,1,Cast Iron,1,1.5,0.25,C3_CastIron_d1.50_f0.25,0.0,0.10664221718816772,-0.037768344508685325,0.09297185220679283,0.1339334463016601,0.08652060611506272,0.08901844517001171,0.050795206025397555,0.047259832062723724
10,2,Cast Iron,1,1.5,0.25,C3_CastIron_d1.50_f0.25,0.04,0.1435777032078263,-0.02496680672420204,0.09858477778442704,0.11305423762435585,0.20176625634463108,0.20068721733474854,0.163724142138111,0.14400870174577518
10,3,Cast Iron,1,1.5,0.25,C3_CastIron_d1.50_f0.25,0.08,0.16934250497672307,0.07111197474910408,0.09020555529364749,0.1605381684235096,0.0811011320756862,0.09645282042839629,0.09345164084406397,0.07980721232413258
10,4,Cast Iron,1,1.5,0.25,C3_CastIron_d1.50_f0.25,0.16,0.17910850258121488,0.14432207226325605,0.05395081531076762,0.20967319879970453,0.1427396449290627,0.1584325134890336,0.09271886290816037,0.1568190446017798
10,5,Cast Iron,1,1.5,0.25,C3_CastIron_d1.50_f0.25,0.25,0.26175632183262526,0.23596705373022775,0.11278882266946288,0.2544018220306044,0.33041744588186134,0.2995033896799124,0.30941823900324095,0.27751078986399524
10,6,Cast Iron,1,1.5,0.25,C3_CastIron_d1.50_f0.25,0.36,0.3499915782562434,0.3212666944864828,0.33136523036647386,0.3569566957166249,0.41379172694665584,0.38803992705886764,0.3557321244700039,0.3701803704953567
10,7,Cast Iron,1,1.5,0.25,C3_CastIron_d1.50_f0.25,0.43,0.3373700390229382,0.41751145504722986,0.18778737423854036,0.4067976135173482,0.44000747954795894,0.4481424148638213,0.38411575104437096,0.43760090935148344
10,8,Cast Iron,1,1.5,0.25,C3_CastIron_d1.50_f0.25,0.47,0.45707257893875775,0.5411280790567208,0.4605248955968114,0.4935450178431166,0.5665519233875199,0.5451465634487804,0.5785647399605595,0.6023982890076571
10,9,Cast Iron,1,1.5,0.25,C3_CastIron_d1.50_f0.25,0.53,0.5498115841100513,0.628895583478587,0.5830469760196144,0.5960684060537713,0.6056319796708309,0.5926707068080573,0.6065866210045364,0.6552010325799809
10,10,Cast Iron,1,1.5,0.25,C3_CastIron_d1.50_f0.25,0.7,0.6994631249726648,0.6472700735715788,0.5982089438472667,0.5688105078999967,0.6284676761268517,0.6337598848602852,0.6604283177458325,0.699690608295986
11,1,Cast Iron,1,0.75,0.25,C1_CastIron_d0.75_f0.25,0.0,-0.0184299159488453,0.10752562342082012,0.09759760517191474,0.08819227865832469,0.07340903120526047,0.07711020030061301,0.03488208893935155,0.07123516523092277
11,2,Cast Iron,1,0.75,0.25,C1_CastIron_d0.75_f0.25,0.04,0.007204939995862802,0.11788805276534306,0.09169801994950738,0.08844084438261612,0.10325746311427608,0.10001927872535876,0.0793674809602507,0.10005397672262199
11,3,Cast Iron,1,0.75,0.25,C1_CastIron_d0.75_f0.25,0.07,0.009724407894228737,0.14077534010869422,0.09169377379560772,0.0910057883067743,0.07889370319993244,0.08279526148942418,0.032530703998347926,0.05215443544340206
11,4,Cast Iron,1,0.75,0.25,C1_CastIron_d0.75_f0.25,0.07,0.05339491372579197,0.18953539895864815,0.08877500227018209,0.09740961851669833,0.1083898335216465,0.10976370499353502,0.10730614507537783,0.09226055526879848
11,5,Cast Iron,1,0.75,0.25,C1_CastIron_d0.75_f0.25,0.08,0.10722959389596945,0.20613254117405663,0.11848467977983007,0.11632517408027526,0.13918671428370596,0.14032557511436095,0.14174347571627888,0.1417070009578103
11,6,Cast Iron,1,0.75,0.25,C1_CastIron_d0.75_f0.25,0.09,0.1117260749405321,0.23153257815900233,0.11443576591291038,0.12028846429599216,0.12073809763498414,0.12123302069417426,0.13609168333888827,0.12077559596354809
11,8,Cast Iron,1,0.75,0.25,C1_CastIron_d0.75_f0.25,0.12,0.1015276337941913,0.26464512472854695,0.10127958738169168,0.11832921736984564,0.14094140946333472,0.13845551081026736,0.1528475469094028,0.18791655478755537
11,9,Cast Iron,1,0.75,0.25,C1_CastIron_d0.75_f0.25,0.16,0.11341503749450191,0.2297369080340254,0.14245838051572757,0.1014692086920379,0.17861659533915272,0.17790302022661472,0.19699130754098654,0.20923968094708056
11,10,Cast Iron,1,0.75,0.25,C1_CastIron_d0.75_f0.25,0.18,0.14280455909477863,0.2577062266611313,0.1686561369340473,0.1203904994422656,0.19755679379830704,0.19743893297148332,0.2172223199185704,0.22535583205761364
11,11,Cast Iron,1,0.75,0.25,C1_CastIron_d0.75_f0.25,0.2,0.16208965852585513,0.26163374408121787,0.12393204031631394,0.14921225417151746,0.16977139701116492,0.1834386530148791,0.16410712306750067,0.21383500895636975
11,12,Cast Iron,1,0.75,0.25,C1_CastIron_d0.75_f0.25,0.23,0.10765538617463874,0.2261157636191384,0.15476202073229767,0.21699400246975337,0.16858534200064393,0.18354956094520897,0.15467081403266258,0.18588580427799153
11,13,Cast Iron,1,0.75,0.25,C1_CastIron_d0.75_f0.25,0.26,0.20924452774658572,0.3513582754743355,0.1668654401096727,0.20011274142056562,0.18606751578274422,0.19837807743305355,0.19116328988711637,0.21836046385828006
11,15,Cast Iron,1,0.75,0.25,C1_CastIron_d0.75_f0.25,0.31,0.18428111293770277,0.31630760538752195,0.08273195615502826,0.23765100669143419,0.18858494173662593,0.19705939532832722,0.2029023528864221,0.20085062310816926
11,16,Cast Iron,1,0.75,0.25,C1_CastIron_d0.75_f0.25,0.37,0.14382690839864698,0.2796421973107127,0.11877705134601901,0.24883674031199304,0.18166146239169084,0.19981188507278216,0.16725882327428854,0.2132318273495737
11,18,Cast Iron,1,0.75,0.25,C1_CastIron_d0.75_f0.25,0.42,0.25885321876668027,0.40059740580159126,0.13577414718454628,0.3905750732321511,0.28415797475283083,0.3009156431458128,0.2875479738567465,0.30064005101763025
11,19,Cast Iron,1,0.75,0.25,C1_CastIron_d0.75_f0.25,0.47,0.3937478682142215,0.5670768691159261,0.49501113043807077,0.4985126864499796,0.3415960431433743,0.35863803154240204,0.35129482795751776,0.4011860439035711
11,20,Cast Iron,1,0.75,0.25,C1_CastIron_d0.75_f0.25,0.57,0.5096749387230851,0.5403323511293574,0.4496746863794926,0.5950420019736165,0.3772514838663524,0.4043248865017285,0.40387932023923734,0.4315591928235063
11,21,Cast Iron,1,0.75,0.25,C1_CastIron_d0.75_f0.25,0.65,0.28573634097224926,0.5405037546834519,0.25585105949513054,0.46552991596846965,0.34478278029120374,0.3663800383766854,0.3211299203749417,0.4001547701336124
11,22,Cast Iron,1,0.75,0.25,C1_CastIron_d0.75_f0.25,0.68,0.43429756271084435,0.6656536507020222,0.48582034621112047,0.5003862945449353,0.4830074599983464,0.5203024000620093,0.4867985935398492,0.5387786012914069
11,23,Cast Iron,1,0.75,0.25,C1_CastIron_d0.75_f0.25,0.76,0.6574245778138416,0.6006994218295645,0.4165888024379276,0.5000882023225334,0.400325448396446,0.4153941901371612,0.4411236128086202,0.43431012143919495
12,2,Cast Iron,1,0.75,0.5,C2_CastIron_d0.75_f0.50,0.05,0.013123271634437439,-0.12094226012571713,0.09431782191865573,0.0942027397164868,0.15330674590830312,0.14342077804525752,0.14555125542414224,0.13101395224061912
12,3,Cast Iron,1,0.75,0.5,C2_CastIron_d0.75_f0.50,0.08,0.039241813133805425,-0.05781644675576286,0.09089861232731772,0.11434882082349584,0.15518979661755236,0.14771468005154728,0.15268281662998517,0.14128441278556547
12,5,Cast Iron,1,0.75,0.5,C2_CastIron_d0.75_f0.50,0.12,0.18621414961879035,0.05400534444332655,0.24419257835450411,0.15654645118310845,0.2731207719123413,0.26080616137581897,0.2471044674502746,0.20257332284551685
12,6,Cast Iron,1,0.75,0.5,C2_CastIron_d0.75_f0.50,0.17,0.22337044796841024,0.10520166462417496,0.3003538570039562,0.24143648331470022,0.29158327462950184,0.27435846759013605,0.2983514956520321,0.24269584889637505
12,7,Cast Iron,1,0.75,0.5,C2_CastIron_d0.75_f0.50,0.2,0.21066973349314574,0.1645635821787054,0.2950977591676104,0.28343367637616734,0.31727613128374516,0.29312461771853293,0.2673761933126503,0.2407657301542019
12,8,Cast Iron,1,0.75,0.5,C2_CastIron_d0.75_f0.50,0.24,0.26536128016720284,0.2062068166394882,0.36503800470691283,0.333524959459332,0.4062564395879747,0.39563716531271437,0.375875173354122,0.36279450175066125
12,9,Cast Iron,1,0.75,0.5,C2_CastIron_d0.75_f0.50,0.32,0.3799304815873361,0.3410620944497922,0.4205916265777286,0.40501838030133913,0.49471013795689134,0.4738221740704892,0.4823053726750038,0.48238920054526646
12,11,Cast Iron,1,0.75,0.5,C2_CastIron_d0.75_f0.50,0.4,0.41310302260920795,0.37150671279080383,0.4015821250801626,0.4062411070446643,0.4693097508614423,0.47120576902455263,0.525341298667113,0.46064873534815975
12,12,Cast Iron,1,0.75,0.5,C2_CastIron_d0.75_f0.50,0.45,0.38276754521760853,0.35830993036521097,0.46058133328068246,0.4107815649875693,0.45268438273560896,0.4575418586321623,0.473954341891404,0.45129147109391615
12,13,Cast Iron,1,0.75,0.5,C2_CastIron_d0.75_f0.50,0.49,0.8162486452614116,0.5127565775268506,0.5552212607820521,0.47777761947946706,0.5510586970138265,0.5047937637104652,0.5237552888133525,0.4650750387685293
12,14,Cast Iron,1,0.75,0.5,C2_CastIron_d0.75_f0.50,0.58,0.3979049291684585,0.5366804950910853,0.38222636912307983,0.5416750285453484,0.4061003913560004,0.5066649067225534,0.352210738398601,0.5050271285671913
12,15,Cast Iron,1,0.75,0.5,C2_CastIron_d0.75_f0.50,0.65,0.4733490032883245,0.6251352536997947,0.47969579370827875,0.5927695614250423,0.4749433503728181,0.5722401420097118,0.4777869729465328,0.52473375177779
5,1,Stainless Steel J45,2,1.5,0.5,C8_Stainless_d1.50_f0.50,0.0,0.28563756868772694,0.07357114940557552,0.20759409798328085,0.14176184554092242,0.21034545487139136,0.20902842214534548,0.14760230605817887,0.13641032254467567
5,2,Stainless Steel J45,2,1.5,0.5,C8_Stainless_d1.50_f0.50,0.16,0.4073876233413394,0.25641210919192964,0.4129985020344588,0.23942815541727708,0.493008280021436,0.43324527467765117,0.5514499505506076,0.47359526165307814
5,3,Stainless Steel J45,2,1.5,0.5,C8_Stainless_d1.50_f0.50,0.29,0.4496351655767243,0.23844714898488262,0.657789641988403,0.2392490930866536,0.5482029971753116,0.44780412719895607,0.5313170182252517,0.35909942458912386
5,4,Stainless Steel J45,2,1.5,0.5,C8_Stainless_d1.50_f0.50,0.44,0.5881820830299102,0.5762770912273334,0.5728749293174228,0.49788578503184644,0.4627466980158524,0.4583048995985834,0.46427388912921624,0.44854495508021636
5,5,Stainless Steel J45,2,1.5,0.5,C8_Stainless_d1.50_f0.50,0.53,0.6681078189325177,0.6960758038884849,0.6027190476937634,0.5357380079104459,0.48299322358319224,0.48444179259089587,0.5175807305824811,0.5024707228513968
5,6,Stainless Steel J45,2,1.5,0.5,C8_Stainless_d1.50_f0.50,0.74,0.8131752108159815,0.956079953249445,0.6226213685814284,0.5556736678648997,0.4368346178872312,0.4699194616999594,0.4510704557253783,0.47899044092293913
6,1,Stainless Steel J45,2,1.5,0.25,C7_Stainless_d1.50_f0.25,0.0,0.35260305996894653,0.09291164213834532,0.2959397173595917,0.2623936291554585,0.11917841030095568,0.11174086007340547,0.16642995666486443,0.08655570686177172
7,1,Stainless Steel J45,2,0.75,0.25,C5_Stainless_d0.75_f0.25,0.0,-0.006007705308346045,0.11402851670433792,0.1106698385615082,0.11079933827841598,0.051190470283989285,0.05121021234748136,0.04501920748562029,0.03408646094853127
7,2,Stainless Steel J45,2,0.75,0.25,C5_Stainless_d0.75_f0.25,0.09,0.04020376662340314,0.1752526255389414,0.08918232668347109,0.1252682720124147,0.05649692673588456,0.05500986978991777,0.04312334234088999,0.05029433693075861
7,3,Stainless Steel J45,2,0.75,0.25,C5_Stainless_d0.75_f0.25,0.13,0.13231938892777836,0.2387608355903367,0.07459813674284171,0.13759769236555358,0.11739042192408305,0.11136192733669815,0.09868413924020106,0.10323175365988495
7,4,Stainless Steel J45,2,0.75,0.25,C5_Stainless_d0.75_f0.25,0.22,0.38810243748449896,0.3580790282573184,0.31755950381701403,0.17902071156428134,0.18006602720379036,0.19072664281367072,0.20318477314862712,0.19422810616638436
7,5,Stainless Steel J45,2,0.75,0.25,C5_Stainless_d0.75_f0.25,0.24,0.18448866522710067,0.33566504478332504,0.12558241091386546,0.26515099228781036,0.15201345688135195,0.16241360679198102,0.13316801152619293,0.16432646440118365
7,6,Stainless Steel J45,2,0.75,0.25,C5_Stainless_d0.75_f0.25,0.34,0.2123337325119712,0.4047741827456239,0.11652883131325709,0.3438870549312136,0.10848643092774346,0.1149783168764891,0.10875710846138012,0.1360779894382807
7,7,Stainless Steel J45,2,0.75,0.25,C5_Stainless_d0.75_f0.25,0.46,0.37929138588458683,0.4016040894017605,0.3435792829306971,0.41051447289783705,0.2582105025530025,0.26564056499056504,0.2509613287745025,0.30521476524969354
8,1,Stainless Steel J45,2,0.75,0.5,C6_Stainless_d0.75_f0.50,0.0,0.10151656278641635,0.07996561678071795,0.10770991234487115,0.12779196913704394,0.07190636182115115,0.08205156288572459,0.05363427310672582,0.05685648574217789
8,2,Stainless Steel J45,2,0.75,0.5,C6_Stainless_d0.75_f0.50,0.18,0.3885103076318269,0.19507401280076148,0.371520718515704,0.2704470769554781,0.28574559444674114,0.2545986539638523,0.30687451625144774,0.22086356976267613
8,3,Stainless Steel J45,2,0.75,0.5,C6_Stainless_d0.75_f0.50,0.3,0.3584069296289823,0.30086284800376345,0.25249517314495684,0.16233979192334919,0.16345600484831574,0.16732859494131586,0.14519799358255167,0.12537237204235452
8,5,Stainless Steel J45,2,0.75,0.5,C6_Stainless_d0.75_f0.50,0.44,0.3584351801413815,0.3203828138141263,0.43426191341583753,0.3546089911023343,0.350824448079816,0.3584057857231891,0.25261987424876775,0.251545260033955
8,6,Stainless Steel J45,2,0.75,0.5,C6_Stainless_d0.75_f0.50,0.62,0.3458703945101333,0.3931171823137434,0.31190302207904264,0.4170635598539591,0.38828776239767476,0.3923696713593819,0.28757539193689274,0.293977529879807
13,3,Stainless Steel J45,2,0.75,0.25,C5_Stainless_d0.75_f0.25,0.1,0.2853633843935104,0.207391479001873,0.3943592398562614,0.3907424540684385,0.23326767987731217,0.23673820480445473,0.3148441455275939,0.2566428065098043
13,4,Stainless Steel J45,2,0.75,0.25,C5_Stainless_d0.75_f0.25,0.13,0.1745783390748779,0.2188850055540188,0.17924010131821,0.12295359488663177,0.18911747798370176,0.2006168887812967,0.20067849054635944,0.20216498810431213
13,5,Stainless Steel J45,2,0.75,0.25,C5_Stainless_d0.75_f0.25,0.17,0.12144646018944233,0.23438701302450654,0.10530115617080643,0.16210227811466388,0.0902506695015182,0.0959400617450937,0.11302473103101825,0.11616308846747567
13,6,Stainless Steel J45,2,0.75,0.25,C5_Stainless_d0.75_f0.25,0.32,0.3271674487856664,0.3503596749504619,0.29999683315167774,0.3198226929021379,0.24564691780165426,0.26313551627695203,0.30007444450578685,0.31778831057273565
13,7,Stainless Steel J45,2,0.75,0.25,C5_Stainless_d0.75_f0.25,0.38,0.19309141067471897,0.3400719263020452,0.19239943862758488,0.2579412050856552,0.24669517030077773,0.258620889008784,0.2566750498681104,0.2648955377112116
13,8,Stainless Steel J45,2,0.75,0.25,C5_Stainless_d0.75_f0.25,0.49,0.3237375639321096,0.4068988403944395,0.28083882328627324,0.3244168643203205,0.26982319260698906,0.28779174493562304,0.2554455453230125,0.26386284066217197
13,9,Stainless Steel J45,2,0.75,0.25,C5_Stainless_d0.75_f0.25,0.56,0.30036677614151674,0.41286448652682706,0.26097160677340625,0.33584669699923786,0.257795122621419,0.28207923050560857,0.25503021568959827,0.2942321995514292
13,10,Stainless Steel J45,2,0.75,0.25,C5_Stainless_d0.75_f0.25,0.68,0.3457683639508001,0.5009023608085195,0.2733523233824011,0.43715895271109473,0.3088664495883124,0.3276594375288453,0.3016742574253472,0.3706058691989946
13,11,Stainless Steel J45,2,0.75,0.25,C5_Stainless_d0.75_f0.25,0.83,0.34034277107875543,0.5632761160756539,0.3927783093465838,0.6002331755233418,0.3289165515739488,0.3517363973788398,0.29756251304221015,0.38546949716660345
13,12,Stainless Steel J45,2,0.75,0.25,C5_Stainless_d0.75_f0.25,0.92,0.4001380872102263,0.627841343403553,0.558849131228028,0.6892810148327864,0.4240492107160296,0.46522356835449047,0.49633822132236843,0.5371532151398213
13,13,Stainless Steel J45,2,0.75,0.25,C5_Stainless_d0.75_f0.25,1.07,0.44345672925233726,0.6561046748790695,0.5701245664746105,0.7084900363883535,0.39587078535956605,0.4244011674147869,0.47471239317029884,0.5137145879861692
13,14,Stainless Steel J45,2,0.75,0.25,C5_Stainless_d0.75_f0.25,1.3,0.3994972589670653,0.6997967232050161,0.43639211619018514,0.7407747994790665,0.3180012510085566,0.3474374305424426,0.3279948833398014,0.5166414496083196
13,15,Stainless Steel J45,2,0.75,0.25,C5_Stainless_d0.75_f0.25,1.53,0.5901562699859537,0.7902451259058781,0.3943326879085561,0.594916846047463,0.5186975650821778,0.5335142958514087,0.7765555981997734,0.8522935268499511
14,2,Stainless Steel J45,2,0.75,0.5,C6_Stainless_d0.75_f0.50,0.09,0.3120938852122468,0.24649385089294895,0.427114614690838,0.3546730496834095,0.3188357005207192,0.2861090773352346,0.31929072397721137,0.30625683124917147
14,3,Stainless Steel J45,2,0.75,0.5,C6_Stainless_d0.75_f0.50,0.17,0.33377562827742985,0.29961858763045485,0.37270954665237904,0.41999727379014656,0.3455696527588051,0.3313897723004636,0.319079289550289,0.33953500493610483
14,4,Stainless Steel J45,2,0.75,0.5,C6_Stainless_d0.75_f0.50,0.24,0.3505726257909448,0.34466498527823897,0.41092546757779413,0.4737461621956333,0.37604002203377973,0.39459942070210874,0.32813526439065716,0.4011891176821625
14,6,Stainless Steel J45,2,0.75,0.5,C6_Stainless_d0.75_f0.50,0.35,0.404270582252403,0.4404463745649083,0.4958915548519581,0.5746549824884065,0.5471935130016184,0.5598034129741982,0.598533720960862,0.6991460564833912
14,8,Stainless Steel J45,2,0.75,0.5,C6_Stainless_d0.75_f0.50,0.6,0.6458348059225973,0.7006556690630715,0.5735483726080046,0.5941558161391409,0.5734806186459014,0.6106657808411942,0.6146933825021437,0.7679868403437482
14,9,Stainless Steel J45,2,0.75,0.5,C6_Stainless_d0.75_f0.50,0.81,0.6069349437145292,0.7475348898184891,0.5702096309952529,0.6884566913741572,0.5000462643901996,0.6537225931009957,0.4961887886649473,0.8908203245625808
14,10,Stainless Steel J45,2,0.75,0.5,C6_Stainless_d0.75_f0.50,1.14,0.5983937866114909,0.8029323198341461,0.7291339176087279,0.9048603494389631,0.5911855920605086,0.7426061995577353,0.6362968007934197,0.9790212092919849
15,2,Stainless Steel J45,2,1.5,0.25,C7_Stainless_d1.50_f0.25,0.15,0.35981811048476703,0.23580166867398983,0.5283095952601538,0.4475547457529521,0.6094583608005713,0.6083532996950103,0.597109391825275,0.5434983280286813
15,3,Stainless Steel J45,2,1.5,0.25,C7_Stainless_d1.50_f0.25,0.28,0.37188271947332324,0.3205895110954099,0.4517291172100115,0.4100563174466507,0.482517994107831,0.4984080318016187,0.489769637076579,0.4659295355050799
15,4,Stainless Steel J45,2,1.5,0.25,C7_Stainless_d1.50_f0.25,0.37,0.5505008823118491,0.4105111747935985,0.7014556834950533,0.7259651877299178,0.5118930131249484,0.5355929645912383,0.5856456595175161,0.679832457960411
15,5,Stainless Steel J45,2,1.5,0.25,C7_Stainless_d1.50_f0.25,0.48,0.43374608454241104,0.4617784984288358,0.5061085474433693,0.4570439824063183,0.7869075756675759,0.6771883801408802,0.6809697860074037,0.6029461230799382
15,6,Stainless Steel J45,2,1.5,0.25,C7_Stainless_d1.50_f0.25,0.56,0.40212417003527157,0.43562422153641567,0.3708469500904498,0.6026835339518081,0.4852411512425928,0.5146321703015065,0.4679667602216431,0.5272398723140915
15,7,Stainless Steel J45,2,1.5,0.25,C7_Stainless_d1.50_f0.25,0.7,0.6171709726242343,0.6020727741057443,0.5358931770357952,0.6521325966300928,0.5941944296759312,0.6349965748690594,0.551717233865192,0.6925638450201022
16,3,Stainless Steel J45,2,1.5,0.5,C8_Stainless_d1.50_f0.50,0.24,0.5065274493898827,0.4494147564703068,0.4311820368734758,0.4042328006573429,0.34135913418281055,0.34325055865187437,0.5000602763735936,0.3386320970793679
16,5,Stainless Steel J45,2,1.5,0.5,C8_Stainless_d1.50_f0.50,0.4,0.7177317448357226,0.573391250125023,0.5374203234316115,0.5867020984561047,0.5941385175105798,0.619608985670245,0.5946393469246053,0.5924077812649315
16,6,Stainless Steel J45,2,1.5,0.5,C8_Stainless_d1.50_f0.50,0.62,0.8773905072611732,0.6747036023570023,0.5356772376047142,0.49280351828881774,0.5955946849945072,0.5343391720870799,0.6712951263030407,0.5030311580249212
