case,material,condition_id,n_runs,actual_max_VB_mm,actual_mean_VB_mm,Ridge_MAE_mm,Ridge_Bias_mm,Ridge_Max_Abs_Error_mm,SVR_MAE_mm,SVR_Bias_mm,SVR_Max_Abs_Error_mm,Random Forest_MAE_mm,Random Forest_Bias_mm,Random Forest_Max_Abs_Error_mm,Gradient Boosting_MAE_mm,Gradient Boosting_Bias_mm,Gradient Boosting_Max_Abs_Error_mm
1,Cast Iron,C4_CastIron_d1.50_f0.50,13,0.5,0.3084615384615385,0.11099614323441319,0.07157391848741447,0.22904044795943274,0.11869266563092104,0.11869266563092104,0.1890647007242488,0.1293442716538316,0.1293442716538316,0.21940769857206793,0.09977137855163451,0.09958471590381587,0.20888848163265233
2,Cast Iron,C2_CastIron_d0.75_f0.50,12,0.55,0.2816666666666667,0.08011731331843451,-0.02713413448862158,0.15110078991314158,0.05887214068456481,0.03897784322887434,0.1923134482791915,0.10437874798419726,0.058257365579501695,0.24777951131447606,0.10748715711469047,0.02809928890066515,0.25949217514952516
3,Cast Iron,C1_CastIron_d0.75_f0.25,14,0.55,0.25,0.09983823680662252,0.09664006384672129,0.2013313499263989,0.07733804722693124,0.056353678405967056,0.1778655484493019,0.07101556505953213,-0.00032915007630035124,0.12580137476296552,0.09079546239342787,0.037884598543431146,0.17618574154322364
4,Cast Iron,C3_CastIron_d1.50_f0.25,7,0.49,0.27999999999999997,0.12787683750149767,-0.12787683750149767,0.1809540766502073,0.04925847504023079,-0.03372476474125299,0.12173571239599007,0.0609353329716173,0.003163107263320911,0.1594244026158323,0.05429024140952066,-0.025361539019368978,0.1580838021507085
5,Stainless Steel J45,C8_Stainless_d1.50_f0.50,6,0.74,0.36000000000000004,0.12332815966298094,0.10614387599127516,0.21607995324944496,0.08664850549148972,0.008289425808674158,0.1843263321351003,0.16233691155494678,0.05712399631856519,0.27324527467765114,0.13603146668212632,0.039851854606904935,0.31359526165307805
6,Stainless Steel J45,C7_Stainless_d1.50_f0.25,1,0.0,0.0,0.0929116421383453,0.0929116421383453,0.0929116421383453,0.2623936291554585,0.2623936291554585,0.2623936291554585,0.1117408600734054,0.1117408600734054,0.1117408600734054,0.0865557068617717,0.0865557068617717,0.0865557068617717
7,Stainless Steel J45,C5_Stainless_d0.75_f0.25,7,0.46,0.21142857142857144,0.09499373488830323,0.07830918900309196,0.1380790282573184,0.03902402363046996,0.013176933476789459,0.1107993382784159,0.09015418339259426,-0.07552269415045673,0.22502168312351092,0.08010186358604938,-0.07036287474361189,0.20392201056171932
8,Stainless Steel J45,C6_Stainless_d0.75_f0.50,5,0.62,0.308,0.08848049629147461,-0.05011950525737752,0.22688281768625662,0.12884534064257588,-0.041549722205567095,0.2029364401460409,0.119709232965138,-0.05704914622530728,0.2276303286406181,0.15736497870974747,-0.1182769565078059,0.326022470120193
9,Cast Iron,C4_CastIron_d1.50_f0.50,9,0.81,0.3333333333333333,0.09458649121637054,-0.09136987370403524,0.2773318849843033,0.07895854544586775,-0.024524854255023362,0.30465183446511535,0.10296802133286305,0.019442367643303052,0.2649816414641808,0.07706108856348567,-0.023258134743705524,0.27017143475441163
10,Cast Iron,C3_CastIron_d1.50_f0.25,10,0.7,0.30199999999999994,0.04153094899203159,-0.007526216484970033,0.09889558347858696,0.05886494799427524,0.02737791142106922,0.1339334463016601,0.05674690864432765,0.04318538831419143,0.1606872173347485,0.04578430598850738,0.045047679032887034,0.13239828900765716
11,Cast Iron,C1_CastIron_d0.75_f0.25,20,0.76,0.2865,0.08091548714967153,0.038269941657255384,0.15930057817043553,0.06978208500133873,-0.03926039933491107,0.25991179767746664,0.09634258718828906,-0.06283813665570594,0.3446058098628388,0.09176337181229913,-0.04952543472306707,0.3256898785608051
12,Cast Iron,C2_CastIron_d0.75_f0.50,12,0.65,0.31250000000000006,0.06174729825212775,-0.05444418625602063,0.17094226012571712,0.05014573698182223,0.025646366054726744,0.09352495945933204,0.08779336556661756,0.06261087368866176,0.15563716531271432,0.0758851047122309,0.03835775789781601,0.1623892005452664
13,Stainless Steel J45,C5_Stainless_d0.75_f0.25,13,1.53,0.6523076923076924,0.23484781346383532,-0.1900750176898568,0.7397548740941219,0.2597541766752066,-0.21502456835698533,0.935083153952537,0.37075502723406745,-0.3388542436054903,0.9964857041485913,0.311229820899941,-0.27602862172853854,0.7833585503916805
14,Stainless Steel J45,C6_Stainless_d0.75_f0.50,7,1.14,0.48571428571428565,0.14020175111099817,0.026049525297465403,0.33706768016585376,0.19079980160076207,0.08722061787283675,0.26467304968340954,0.18374838164206692,0.025556608115990063,0.3973938004422646,0.18655899513788202,0.14056505493559196,0.34914605648339125
15,Stainless Steel J45,C7_Stainless_d1.50_f0.25,6,0.7,0.42333333333333334,0.06790447674866708,-0.012270358561001013,0.12437577846358444,0.1495138676408196,0.12590606065295665,0.3559651877299178,0.1916523218430303,0.15486190356655224,0.45835329969501026,0.17540045453998612,0.162001693651384,0.39349832802868123
16,Stainless Steel J45,C8_Stainless_d1.50_f0.50,3,0.62,0.42,0.14583653631744406,0.14583653631744406,0.20941475647030683,0.1593771269415433,0.07457947246742175,0.18670209845610464,0.1361734574116798,0.07906623880306642,0.219608985670245,0.1360029067731261,0.058023678789740206,0.19240778126493152
