Regime,Model,Sample_Count,Sample_Pct,Actual_Mean_mm,Actual_Range_mm,MAE_mm,RMSE_mm,Mean_Bias_mm,Std_Residual_mm,Pct_Overpredicted,Pct_Underpredicted,Max_Overpredict_mm,Max_Underpredict_mm,Pred_Range_mm
1_Fresh (<0.20mm),Ridge,49,33.793103448275865,0.10204081632653061,"[0.00, 0.19]",0.09404510453503817,0.10637188271310798,0.006007885818609356,0.10620208444245223,55.10204081632652,44.89795918367347,0.1564938508929489,-0.2773318849843033,"[-0.18, 0.30]"
1_Fresh (<0.20mm),SVR,49,33.793103448275865,0.10204081632653061,"[0.00, 0.19]",0.07366634881853477,0.10648293622958857,0.06019540443618516,0.08783580700852431,75.51020408163265,24.489795918367346,0.29755474575295215,-0.06189010316399139,"[0.09, 0.45]"
1_Fresh (<0.20mm),Random Forest,49,33.793103448275865,0.10204081632653061,"[0.00, 0.19]",0.08537868951171391,0.11567174603805644,0.05809246717979451,0.10002608703961745,75.51020408163265,24.489795918367346,0.45835329969501026,-0.11011765695299772,"[0.05, 0.61]"
1_Fresh (<0.20mm),Gradient Boosting,49,33.793103448275865,0.10204081632653061,"[0.00, 0.19]",0.07694036811775505,0.10507926158917387,0.04303813390876782,0.09586120302696499,63.26530612244898,36.734693877551024,0.39349832802868123,-0.10034964891305521,"[0.03, 0.54]"
2_Moderate (0.20-0.40mm),Ridge,48,33.10344827586207,0.295,"[0.20, 0.40]",0.07613683883784157,0.0968512369085548,0.030489533982927433,0.09192687533154231,60.416666666666664,39.58333333333333,0.20941475647030683,-0.1809540766502073,"[0.08, 0.57]"
2_Moderate (0.20-0.40mm),SVR,48,33.10344827586207,0.295,"[0.20, 0.40]",0.08876596626177717,0.11666501060509854,0.04854427293919689,0.1060857118762584,66.66666666666666,33.33333333333333,0.3559651877299178,-0.1376602080766509,"[0.15, 0.73]"
2_Moderate (0.20-0.40mm),Random Forest,48,33.10344827586207,0.295,"[0.20, 0.40]",0.10985400525071926,0.1277908158505781,0.048507506535844576,0.11822653858348117,64.58333333333334,35.41666666666667,0.219608985670245,-0.22502168312351092,"[0.07, 0.62]"
2_Moderate (0.20-0.40mm),Gradient Boosting,48,33.10344827586207,0.295,"[0.20, 0.40]",0.10353751144955037,0.1289749171732103,0.04664662325606487,0.12024400940854893,66.66666666666666,33.33333333333333,0.34914605648339125,-0.20392201056171932,"[0.09, 0.70]"
3_Severe (>0.40mm),Ridge,48,33.10344827586207,0.6260416666666667,"[0.42, 1.53]",0.14333181612850085,0.20098631666691902,-0.049544406438912315,0.1947841145421025,37.5,62.5,0.22904044795943274,-0.7397548740941219,"[0.32, 0.96]"
3_Severe (>0.40mm),SVR,48,33.10344827586207,0.6260416666666667,"[0.42, 1.53]",0.14355330861144236,0.21383601043688924,-0.0864470696881471,0.19558308592999046,31.25,68.75,0.1923134482791915,-0.935083153952537,"[0.32, 0.90]"
3_Severe (>0.40mm),Random Forest,48,33.10344827586207,0.6260416666666667,"[0.42, 1.53]",0.19484723388850375,0.2880866766175327,-0.12697185872220837,0.258596365668898,37.5,62.5,0.24777951131447606,-0.9964857041485913,"[0.27, 0.77]"
3_Severe (>0.40mm),Gradient Boosting,48,33.10344827586207,0.6260416666666667,"[0.42, 1.53]",0.17620915548233893,0.2426305127515479,-0.10143574355683684,0.22040951805026635,35.41666666666667,64.58333333333334,0.25949217514952516,-0.7833585503916805,"[0.25, 0.98]"
