feature_name,sensor_channel,physical_domain,collinear_cluster,pearson_VB,spearman_VB,within_tool_median_spearman,within_tool_pos_fraction,top_collinear_feature,top_collinear_pearson_r,final_selection_status,selection_rationale
smcAC_rms,smcAC,Current / Dynamic Torque,Group 1: Spindle Motor Current Dynamic Load,0.654,0.753,0.993,14/14,smcAC_std,1.0,Primary / Final Candidate,"Spindle motor current RMS / dynamic load proxy. Monotonic wear progression within EVERY tool (median within-tool rs = +0.993, 14/14 tools). Clean DAQ, highly robust."
smcAC_std,smcAC,Current / Dynamic Torque,Group 1: Spindle Motor Current Dynamic Load,0.654,0.753,0.993,14/14,smcAC_rms,1.0,Removed,"Mathematically redundant with smcAC_rms (Pearson r = 0.9999). For a zero-mean AC waveform, RMS and standard deviation provide identical information."
smcAC_p2p,smcAC,Current / Dynamic Torque,Group 1: Spindle Motor Current Dynamic Load,0.606,0.685,0.991,14/14,smcAC_std,0.985,Secondary,"Dynamic excursion range. Useful alternative index for peak tooth impact forces, but highly collinear with smcAC_rms (r = 0.985). Retained as secondary candidate."
smcAC_kurtosis,smcAC,Current / Dynamic Torque,Group 8: Uninformative / Shape / Kurtosis Candidates,-0.112,-0.062,-0.298,3/14,smcAC_crest,0.729,Removed,"Near-zero association with flank wear (pooled rs = -0.062, within-tool median rs = -0.298). Does not track wear progression reliably."
smcAC_crest,smcAC,Current / Dynamic Torque,Group 8: Uninformative / Shape / Kurtosis Candidates,-0.18,-0.122,-0.471,5/14,smcAC_kurtosis,0.729,Removed,"Weak association with flank wear (pooled rs = -0.122, within-tool median rs = -0.471). Normalization dampens the wear signal."
smcAC_spindle_band_pwr,smcAC,Kinematics / Spindle Load,Group 1: Spindle Motor Current Dynamic Load,0.623,0.756,0.993,14/14,smcAC_rms,0.985,Secondary,Kinematic spindle rotational harmonic power (13.8 Hz). Highly collinear with smcAC_rms (r = 0.985). Retained as Secondary / Candidate for Phase 4 ablation (RMS only vs RMS + spindle band).
smcDC_mean,smcDC,DC Motor Baseline Power,Group 2: Spindle Motor DC Baseline Load (Clipped),0.706,0.783,0.983,14/14,smcAC_std,0.947,Diagnostic / Conditional,Severe hardware saturation at +9.995V in 41/145 runs (28.3%). High correlation (rs = 0.783) is compromised by flat clipping. Kept for sensitivity checks only; NOT for primary ML.
smcDC_std,smcDC,DC Motor Baseline Power,Group 2: Spindle Motor DC Baseline Load (Clipped),0.509,0.596,0.957,14/14,smcAC_p2p,0.943,Diagnostic / Conditional,Dynamic ripple variance compressed by hardware clipping in 41 runs. Excluded from primary feature set; retained as conditional diagnostic.
vib_spindle_kurtosis,vib_spindle,Mechanical Impact / Shocks,Group 5: Spindle Mechanical Impact & Shock,0.383,0.591,0.528,12/14,vib_spindle_p2p,0.554,Primary / Final Candidate,"Captures changes in the peakedness of spindle-side vibration envelope associated with increasing wear (pooled rs = +0.591, within-tool median rs = +0.528) with near-zero DOC/Feed bias (rs = -0.21 and -0.15)."
vib_spindle_p2p,vib_spindle,Mechanical Impact / Shocks,Group 5: Spindle Mechanical Impact & Shock,0.375,0.521,0.609,13/14,vib_spindle_kurtosis,0.554,Primary / Final Candidate,"Spindle vibration peak envelope excursion. Complements kurtosis by capturing absolute peak vibration amplitudes (within-tool median rs = +0.609, 13/14 positive)."
vib_spindle_mean,vib_spindle,Mechanical Impact / Baseline,Group 8: Uninformative / Shape / Kurtosis Candidates,-0.319,-0.547,-0.821,0/14,vib_table_std,0.43,Removed,"Correlates negatively with wear within tools (median rs = -0.821, 0/14 positive). Baseline level is dominated by machine operating setup rather than tool wear."
AE_table_rms,AE_table,Friction / Contact Energy,Group 3: Table Acoustic Friction Energy & Baseline,0.502,0.668,0.957,14/14,AE_table_mean,0.997,Primary / Final Candidate,"Acoustic-emission envelope associated with cutting/contact activity and showing strong within-tool association with measured VB (median within-tool rs = +0.957, 14/14 positive)."
AE_table_mean,AE_table,Friction / Contact Energy,Group 3: Table Acoustic Friction Energy & Baseline,0.493,0.668,0.951,14/14,AE_table_rms,0.997,Removed,Mathematically redundant with AE_table_rms (Pearson r = 0.9991). Retain AE_table_rms as the more standard energetic metric.
AE_table_p2p,AE_table,Friction / Acoustic Bursts,Group 3: Table Acoustic Friction Energy & Baseline,0.545,0.674,0.804,14/14,smcAC_p2p,0.774,Secondary,"Table acoustic burst range. Captures transient acoustic bursts from micro-fractures (within-tool median rs = +0.804), but partially collinear with AE_table_rms (r = 0.887)."
AE_table_kurtosis,AE_table,Material Metallurgy / Bursts,Group 8: Uninformative / Shape / Kurtosis Candidates,0.114,0.135,0.036,7/14,AE_spindle_kurtosis,0.66,Removed,"Zero wear tracking within tools (median rs = +0.036, positive in 7 tools, negative in 7 tools). Pooled correlation (rs = 0.135) was an illusion driven by Stainless Steel having higher burstiness than Cast Iron (rs = 0.750 with Material)."
AE_spindle_p2p,AE_spindle,Friction / Tool Holder Bursts,Group 4: Spindle Acoustic Transmission & Bursts,0.537,0.672,0.785,14/14,AE_spindle_rms,0.823,Primary / Final Candidate,"Range of the processed acoustic-emission envelope measured at the spindle-side sensor. Strong wear tracking (median within-tool rs = +0.785, 14/14 positive) and lower DOC confounding (rs = 0.237) than table AE."
AE_spindle_rms,AE_spindle,Friction / Tool Holder Energy,Group 4: Spindle Acoustic Transmission & Bursts,0.44,0.594,0.901,14/14,AE_spindle_mean,0.996,Secondary,"Acoustic energy transmitted to tool holder (within-tool median rs = +0.901). High fidelity, but retained as secondary to avoid double-counting spindle AE with AE_spindle_p2p."
AE_spindle_mean,AE_spindle,Friction / Tool Holder Energy,Group 4: Spindle Acoustic Transmission & Bursts,0.42,0.573,0.922,14/14,AE_spindle_rms,0.996,Removed,Mathematically redundant with AE_spindle_rms (Pearson r = 0.9994).
AE_spindle_kurtosis,AE_spindle,Friction / Micro-chipping,Group 8: Uninformative / Shape / Kurtosis Candidates,0.067,0.257,0.121,8/14,AE_table_kurtosis,0.66,Removed,"Weak and inconsistent wear tracking within tools (median rs = +0.121, positive in only 8/14 tools)."
vib_table_spindle_band_pwr,vib_table,Kinematics / Machine Runout,Group 6: Table Kinematic Harmonics,-0.224,-0.366,-0.758,4/14,smcDC_std,-0.342,Secondary,Table vibration power at spindle rotational frequency (13.8 Hz). Measures rotational unbalance and mechanical runout. Retained as secondary kinematic candidate.
vib_table_tooth_band_pwr,vib_table,Kinematics / Tooth Impacts,Group 6: Table Kinematic Harmonics,-0.097,-0.2,-0.71,3/14,vib_table_p2p,0.77,Secondary,Table vibration power at cutter tooth passing frequency (82.6 Hz). Measures tooth engagement dynamics. Retained as secondary kinematic candidate.
vib_table_mean,vib_table,Table Structural Dynamics,Group 7: Table Vibration Envelope & Baseline,-0.205,-0.205,-0.588,5/14,vib_table_std,0.933,Removed,Table vibration RMS envelope baseline dampens as tool wears (within-tool median rs = -0.588). Reflects table mass dampening rather than progressive wear.
vib_table_std,vib_table,Table Structural Dynamics,Group 7: Table Vibration Envelope & Baseline,-0.332,-0.353,-0.679,3/14,vib_table_mean,0.933,Removed,Table envelope fluctuation amplitude decreases with wear within tools (median rs = -0.679).
vib_table_p2p,vib_table,Table Structural Dynamics,Group 7: Table Vibration Envelope & Baseline,-0.148,-0.231,-0.653,2/14,vib_table_tooth_band_pwr,0.77,Removed,Table vibration envelope range correlates negatively with wear within tools (median rs = -0.653) and is dominated by Material differences (rs = 0.628).
vib_table_kurtosis,vib_table,Table Structural Dynamics,Group 8: Uninformative / Shape / Kurtosis Candidates,0.223,0.351,0.426,8/14,AE_table_kurtosis,0.571,Removed,Highly erratic behavior across tools (within-tool correlations range from -1.0 to +0.97). Unreliable as a predictive feature.
