feature_name,sensor_channel,physical_domain,domain_type,missing_count,missing_pct,num_unique_values,mean,std,variance,min,median,max,skewness,kurtosis,iqr_outliers_count,near_zero_variance,data_quality_issues
smcAC_rms,smcAC,Current / Dynamic Torque,Time,0,0.0%,145,1.7385,0.5704,0.32536,0.8602,1.6404,3.4711,0.55,-0.35,1,False,"Direct AC amplified signal (zero-centered bipolar, clean)"
smcAC_std,smcAC,Current / Dynamic Torque,Time,0,0.0%,145,1.7297,0.5738,0.32929,0.842,1.6332,3.4678,0.54,-0.36,1,False,"Direct AC amplified signal (zero-centered bipolar, clean)"
smcAC_p2p,smcAC,Current / Dynamic Torque,Time,0,0.0%,141,7.4985,2.328,5.41942,3.6426,7.2192,13.7451,0.31,-0.76,0,False,"Direct AC amplified signal (zero-centered bipolar, clean)"
smcAC_kurtosis,smcAC,Current / Dynamic Torque,Time,0,0.0%,145,-1.0411,0.1288,0.01658,-1.248,-1.0248,-0.714,0.31,-0.83,0,False,"Direct AC amplified signal (zero-centered bipolar, clean)"
smcAC_crest,smcAC,Current / Dynamic Torque,Time,0,0.0%,145,2.0556,0.1292,0.01668,1.7805,2.0379,2.4953,0.76,0.8,3,False,"Direct AC amplified signal (zero-centered bipolar, clean)"
smcAC_spindle_band_pwr,smcAC,Kinematics / Spindle Load,Frequency,0,0.0%,145,14629.9222,9788.4157,95813081.4204,3083.2832,11700.4372,53700.0669,1.19,1.29,3,False,"Direct AC amplified signal (zero-centered bipolar, clean)"
smcDC_mean,smcDC,DC Motor Baseline Power,Time,0,0.0%,145,6.1607,1.5892,2.52541,3.2391,6.1561,8.8702,-0.13,-1.22,0,False,HARDWARE SATURATION: 41/145 runs (28.3%) clipped flat at +9.995 V
smcDC_std,smcDC,DC Motor Baseline Power,Time,0,0.0%,145,2.093,0.7746,0.60006,0.5177,2.081,3.6642,-0.06,-1.14,0,False,HARDWARE SATURATION: 41/145 runs (28.3%) clipped flat at +9.995 V
vib_spindle_kurtosis,vib_spindle,Mechanical Impact / Shocks,Time,0,0.0%,145,393.58,539.8748,291464.81712,-1.1705,241.789,3093.7822,2.54,8.25,9,False,"Processed 8ms analog RMS envelope voltage (non-negative, smoothed)"
vib_spindle_p2p,vib_spindle,Mechanical Impact / Shocks,Time,0,0.0%,134,0.9489,0.6569,0.43149,0.0977,0.8521,2.2534,0.34,-1.01,0,False,"Processed 8ms analog RMS envelope voltage (non-negative, smoothed)"
vib_spindle_mean,vib_spindle,Mechanical Impact / Baseline,Time,0,0.0%,145,0.3042,0.0483,0.00233,0.2356,0.2884,0.5504,2.57,7.8,15,False,"Processed 8ms analog RMS envelope voltage (non-negative, smoothed)"
AE_table_rms,AE_table,Friction / Contact Energy,Time,0,0.0%,145,0.1986,0.058,0.00337,0.0207,0.1935,0.3525,0.07,0.33,3,False,"Processed 8ms analog RMS envelope voltage (non-negative, smoothed)"
AE_table_mean,AE_table,Friction / Contact Energy,Time,0,0.0%,145,0.1916,0.0547,0.00299,0.0207,0.1866,0.3361,-0.06,0.58,4,False,"Processed 8ms analog RMS envelope voltage (non-negative, smoothed)"
AE_table_p2p,AE_table,Friction / Acoustic Bursts,Time,0,0.0%,131,0.3245,0.1629,0.02655,0.0073,0.2911,1.0297,1.44,3.39,5,False,"Processed 8ms analog RMS envelope voltage (non-negative, smoothed)"
AE_table_kurtosis,AE_table,Material Metallurgy / Bursts,Time,0,0.0%,145,0.9626,1.8037,3.25323,-1.6677,0.2883,9.1785,1.93,3.9,22,False,"Processed 8ms analog RMS envelope voltage (non-negative, smoothed)"
AE_spindle_p2p,AE_spindle,Friction / Tool Holder Bursts,Time,0,0.0%,132,0.4245,0.2016,0.04063,0.0903,0.3857,1.181,1.45,2.9,7,False,"Processed 8ms analog RMS envelope voltage (non-negative, smoothed)"
AE_spindle_rms,AE_spindle,Friction / Tool Holder Energy,Time,0,0.0%,145,0.2505,0.0718,0.00515,0.1267,0.2298,0.4722,0.77,0.21,3,False,"Processed 8ms analog RMS envelope voltage (non-negative, smoothed)"
AE_spindle_mean,AE_spindle,Friction / Tool Holder Energy,Time,0,0.0%,145,0.2407,0.065,0.00423,0.1261,0.2213,0.4191,0.67,-0.11,1,False,"Processed 8ms analog RMS envelope voltage (non-negative, smoothed)"
AE_spindle_kurtosis,AE_spindle,Friction / Micro-chipping,Time,0,0.0%,145,1.1413,1.9719,3.88848,-0.7293,0.4527,9.696,2.4,6.3,12,False,"Processed 8ms analog RMS envelope voltage (non-negative, smoothed)"
vib_table_spindle_band_pwr,vib_table,Kinematics / Machine Runout,Frequency,0,0.0%,145,59.7674,140.1651,19646.24379,0.269,24.3233,1356.2316,6.62,54.08,18,False,"Processed 8ms analog RMS envelope voltage (non-negative, smoothed)"
vib_table_tooth_band_pwr,vib_table,Kinematics / Tooth Impacts,Frequency,0,0.0%,145,42.2418,44.0484,1940.26214,1.2656,26.2475,363.5394,3.27,18.87,7,False,"Processed 8ms analog RMS envelope voltage (non-negative, smoothed)"
vib_table_mean,vib_table,Table Structural Dynamics,Time,0,0.0%,145,0.8511,0.2716,0.07376,0.2811,0.8328,1.8297,0.68,1.05,7,False,"Processed 8ms analog RMS envelope voltage (non-negative, smoothed)"
vib_table_std,vib_table,Table Structural Dynamics,Time,0,0.0%,145,0.3505,0.1391,0.01935,0.0809,0.3496,0.8432,0.72,0.98,6,False,"Processed 8ms analog RMS envelope voltage (non-negative, smoothed)"
vib_table_p2p,vib_table,Table Structural Dynamics,Time,0,0.0%,138,1.8298,0.749,0.56102,0.4175,1.7407,3.6182,0.42,-0.59,0,False,"Processed 8ms analog RMS envelope voltage (non-negative, smoothed)"
vib_table_kurtosis,vib_table,Table Structural Dynamics,Time,0,0.0%,145,0.8415,1.3026,1.69677,-1.3258,0.6376,5.0327,0.81,0.45,2,False,"Processed 8ms analog RMS envelope voltage (non-negative, smoothed)"
