Case_Audit_ID,Run_Index,Material,DOC_mm,Feed_mm_rev,Observed_VB_mm,Ridge_Pred_mm,GBDT_Pred_mm,Signed_Diff_mm,Abs_Disagreement_mm
5,6,Stainless Steel J45,1.5,0.5,0.74,0.956079953249445,0.4789904409229391,0.47708951232650587,0.47708951232650587
15,2,Stainless Steel J45,1.5,0.25,0.15,0.2358016686739898,0.5434983280286813,-0.3076966593546915,0.3076966593546915
15,4,Stainless Steel J45,1.5,0.25,0.37,0.4105111747935985,0.679832457960411,-0.26932128316681253,0.26932128316681253
7,6,Stainless Steel J45,0.75,0.25,0.34,0.4047741827456239,0.1360779894382807,0.2686961933073432,0.2686961933073432
14,6,Stainless Steel J45,0.75,0.5,0.35,0.4404463745649083,0.6991460564833912,-0.2586996819184829,0.2586996819184829
12,2,Cast Iron,0.75,0.5,0.05,-0.1209422601257171,0.1310139522406191,-0.2519562123663362,0.2519562123663362
9,2,Cast Iron,1.5,0.5,0.1,-0.1773318849843033,0.0654388054446984,-0.2427706904290017,0.2427706904290017
9,1,Cast Iron,1.5,0.5,0.0,-0.1726624880119167,0.05902858598356,-0.2316910739954767,0.2316910739954767
5,2,Stainless Steel J45,1.5,0.5,0.16,0.2564121091919296,0.4735952616530781,-0.2171831524611485,0.2171831524611485
1,1,Cast Iron,1.5,0.5,0.0,-0.080262107093748,0.1258956020064119,-0.2061577091001599,0.2061577091001599
