fold,held_out_case,num_test_runs,condition_id,material_name,DOC_mm,feed_mm_rev,MAE_Mean Baseline,MAE_Ridge,MAE_SVR,MAE_Random Forest,MAE_Gradient Boosting
1,1,13,C4_CastIron_d1.50_f0.50,Cast Iron,1.5,0.5,0.1179,0.1924,0.1775,0.1549,0.1171
2,2,12,C2_CastIron_d0.75_f0.50,Cast Iron,0.75,0.5,0.1399,0.0447,0.0924,0.0917,0.0912
3,3,14,C1_CastIron_d0.75_f0.25,Cast Iron,0.75,0.25,0.1422,0.0922,0.0638,0.0605,0.0748
4,4,7,C3_CastIron_d1.50_f0.25,Cast Iron,1.5,0.25,0.1232,0.0775,0.0867,0.0642,0.0639
5,5,6,C8_Stainless_d1.50_f0.50,Stainless Steel J45,1.5,0.5,0.21,0.1754,0.1919,0.1957,0.1843
6,6,1,C7_Stainless_d1.50_f0.25,Stainless Steel J45,1.5,0.25,0.3417,0.3526,0.2959,0.1192,0.1664
7,7,7,C5_Stainless_d0.75_f0.25,Stainless Steel J45,0.75,0.25,0.167,0.07,0.1027,0.0941,0.0982
8,8,5,C6_Stainless_d0.75_f0.50,Stainless Steel J45,0.75,0.5,0.1841,0.1448,0.1321,0.127,0.171
9,9,9,C4_CastIron_d1.50_f0.50,Cast Iron,1.5,0.5,0.2155,0.1348,0.1555,0.1152,0.1087
10,10,10,C3_CastIron_d1.50_f0.25,Cast Iron,1.5,0.25,0.196,0.0466,0.084,0.0655,0.059
11,11,20,C1_CastIron_d0.75_f0.25,Cast Iron,0.75,0.25,0.2099,0.0926,0.1192,0.1063,0.1056
12,12,12,C2_CastIron_d0.75_f0.50,Cast Iron,0.75,0.5,0.1728,0.0882,0.0897,0.1161,0.1144
13,13,13,C5_Stainless_d0.75_f0.25,Stainless Steel J45,0.75,0.25,0.4246,0.3622,0.3714,0.3875,0.36
14,14,7,C6_Stainless_d0.75_f0.50,Stainless Steel J45,0.75,0.5,0.2954,0.1916,0.2191,0.2318,0.221
15,15,6,C7_Stainless_d1.50_f0.25,Stainless Steel J45,1.5,0.25,0.1681,0.1282,0.2101,0.2152,0.219
16,16,3,C8_Stainless_d1.50_f0.50,Stainless Steel J45,1.5,0.5,0.1474,0.2805,0.1376,0.1066,0.1687
