case,run,condition_id,material_code,DOC_mm,feed_mm_rev,VB_mm,prediction_sensor_ridge,prediction_context_ridge,prediction_sensor_svr,prediction_context_svr,prediction_sensor_rf,prediction_context_rf,prediction_sensor_gbdt,prediction_context_gbdt
1,1,C4_CastIron_d1.50_f0.50,1,1.5,0.5,0.0,0.2502809304325243,-0.11612030540396456,0.20477101978294912,0.11985679127070797,0.20931825595084333,0.20386595003836497,0.2156584819478759,0.14235909532783003
1,4,C4_CastIron_d1.50_f0.50,1,1.5,0.5,0.11,0.29569047776995866,-0.047260955737244204,0.26277246096499135,0.15892888491604207,0.2778835839460401,0.2629259762905376,0.2410339569240946,0.16867613939062448
1,6,C4_CastIron_d1.50_f0.50,1,1.5,0.5,0.2,0.3675594254795411,0.13475876565327402,0.23788844733515366,0.23891861712441018,0.29075852471602487,0.26745401533651536,0.21573446214405717,0.19528478276718408
1,7,C4_CastIron_d1.50_f0.50,1,1.5,0.5,0.24,0.4618964680958945,0.19755228995887578,0.4779667072490801,0.24448400601639017,0.4798205238134187,0.402178551078551,0.44083032326253796,0.23533723558855277
1,8,C4_CastIron_d1.50_f0.50,1,1.5,0.5,0.29,0.4606661749577399,0.27279341096001386,0.43910467174824297,0.34936221506809034,0.42829647069433835,0.3984401948051948,0.34229217179899496,0.3636671447271762
1,9,C4_CastIron_d1.50_f0.50,1,1.5,0.5,0.28,0.5254594416472069,0.3490721571119647,0.5348051751387377,0.37925537295967726,0.5604857066435743,0.5171548362748364,0.4990661009364118,0.44445936875087155
1,10,C4_CastIron_d1.50_f0.50,1,1.5,0.5,0.29,0.5474353322098071,0.4453289231586719,0.327031357951506,0.3899650400614223,0.5712550374516553,0.5369357020757023,0.5044714205107612,0.44554314897519026
1,11,C4_CastIron_d1.50_f0.50,1,1.5,0.5,0.38,0.6416972564422447,0.45055673969532434,0.6741366439103627,0.46496394227361854,0.6474360850152026,0.6110270202020199,0.6125687985508287,0.5407268756926167
1,12,C4_CastIron_d1.50_f0.50,1,1.5,0.5,0.4,0.6166351386938707,0.534899468973355,0.5003914643895125,0.44907474590759155,0.5828074845416024,0.5400541869241872,0.5230612315844818,0.4894530549690835
1,13,C4_CastIron_d1.50_f0.50,1,1.5,0.5,0.43,0.6201583824022141,0.528232062908712,0.5651540773506621,0.4746984283893384,0.6013093210384387,0.5810906948606948,0.5619280995529944,0.5826790226826615
1,14,C4_CastIron_d1.50_f0.50,1,1.5,0.5,0.45,0.6294714745610762,0.5829880183699463,0.46927134286975253,0.46891098463614356,0.6048618210384388,0.5844356948606948,0.5516878790034925,0.5635355812884366
1,15,C4_CastIron_d1.50_f0.50,1,1.5,0.5,0.5,0.6939329146977722,0.668671466785057,0.5624016820640104,0.5049418620847007,0.6274942819108997,0.6067961319236318,0.572109853102925,0.5562826222335487
1,17,C4_CastIron_d1.50_f0.50,1,1.5,0.5,0.44,0.7284951547513857,0.6567361148759612,0.6679006565906951,0.5090555351181916,0.6317167178083355,0.6173802344877344,0.5788072481673694,0.5756765884301848
2,2,C2_CastIron_d0.75_f0.50,1,0.75,0.5,0.14,0.10313755467271232,-0.03030356134338008,0.08889748629599292,0.12546888343875484,0.08700564401585685,0.08898734190688912,0.05392694091871208,0.05054313298432729
2,3,C2_CastIron_d0.75_f0.50,1,0.75,0.5,0.14,0.09864904492250826,-0.02806266391212231,0.08485281652337151,0.1268305315127647,0.08369237561758845,0.08567407350862072,0.04735842719543045,0.05778119691352031
2,4,C2_CastIron_d0.75_f0.50,1,0.75,0.5,0.14,0.13885504862229558,0.014757274578738766,0.09687432445810401,0.13031923005374385,0.08403633029036664,0.08767159960997034,0.0438382516931076,0.05054313298432729
2,5,C2_CastIron_d0.75_f0.50,1,0.75,0.5,0.15,0.24251195292876582,0.0486134533057459,0.23855274539173524,0.09245196184022475,0.20357398918315944,0.19961400958501418,0.1673350149891289,0.14111881967160744
2,7,C2_CastIron_d0.75_f0.50,1,0.75,0.5,0.18,0.18962793075709838,0.008544561831182906,0.2589049000403426,0.24425394494873642,0.25284634348494645,0.24194212837815784,0.2060557192148393,0.16564607630026534
2,8,C2_CastIron_d0.75_f0.50,1,0.75,0.5,0.22,0.2290522668496958,0.07420701637180532,0.25754331055884194,0.27613739133663473,0.24267400374436363,0.23920791691452684,0.2118544477698803,0.1542874302982215
2,9,C2_CastIron_d0.75_f0.50,1,0.75,0.5,0.26,0.3357791721418671,0.19067575344703447,0.31192567645108304,0.32110298118980096,0.6144794460572107,0.5847553190730838,0.6443849260651993,0.453889191962004
2,10,C2_CastIron_d0.75_f0.50,1,0.75,0.5,0.31,0.36735601415093366,0.2745140224946383,0.41073861398142253,0.36321083477033206,0.6751974908512679,0.6664630391308041,0.7056650280839395,0.5822010678645518
2,11,C2_CastIron_d0.75_f0.50,1,0.75,0.5,0.38,0.37305236123699465,0.39290940886554027,0.42253124229999117,0.47761644554904037,0.39911069271214544,0.4742220357541009,0.3203551573288523,0.44221147554936036
2,12,C2_CastIron_d0.75_f0.50,1,0.75,0.5,0.43,0.4256967350895058,0.38515716955232204,0.5027990189555609,0.49492266715976146,0.5412961761443965,0.5435450078784305,0.5445439348065432,0.5649376978520104
2,13,C2_CastIron_d0.75_f0.50,1,0.75,0.5,0.48,0.6349854472800307,0.6135282553925249,0.7641657463559903,0.6749506361017079,0.5612568946366885,0.7753766657173234,0.539152639322397,0.7751546505988192
2,14,C2_CastIron_d0.75_f0.50,1,0.75,0.5,0.55,0.6571203196715601,0.646207614877498,0.7390603429069957,0.6540058672638743,0.5903496515352691,0.7772597243253824,0.6111663296606995,0.8093694795440439
3,1,C1_CastIron_d0.75_f0.25,1,0.75,0.25,0.0,0.009802214606826953,0.20615044875386865,0.20776412142512954,0.21756578600383875,0.13447379259454853,0.1305790138468944,0.16702381643688252,0.15426444233320621
3,2,C1_CastIron_d0.75_f0.25,1,0.75,0.25,0.13,-0.04865780769820072,0.18255040910585105,0.12503369632836964,0.18434134911444064,0.08807584593336658,0.08902161372250897,0.10621565302600776,0.11724840946003956
3,3,C1_CastIron_d0.75_f0.25,1,0.75,0.25,0.13,-0.027051857520126676,0.21923511185322958,0.12147400915744344,0.19426720299906422,0.09609810783812849,0.0965813756272709,0.10621565302600776,0.1117597703663758
3,5,C1_CastIron_d0.75_f0.25,1,0.75,0.25,0.17,-0.016492732746558936,0.25665835969575956,0.11658470976636559,0.21828608096285973,0.08240248017579367,0.08633562870511093,0.0814261348693664,0.11212574267546756
3,6,C1_CastIron_d0.75_f0.25,1,0.75,0.25,0.19,0.06583656964780776,0.3171925053857524,0.19374158430175745,0.26765717349025986,0.1279009404874119,0.13385658669921524,0.13311509909936017,0.15554776430882578
3,7,C1_CastIron_d0.75_f0.25,1,0.75,0.25,0.2,-0.0057519555103036635,0.28177549360103227,0.10823933676436664,0.23268224492856043,0.08357173703005052,0.09389296851184703,0.07999854826065317,0.1251179815374766
3,8,C1_CastIron_d0.75_f0.25,1,0.75,0.25,0.23,0.16979428133969696,0.3758167930438797,0.18525417242757802,0.2929454239429939,0.15407012218760113,0.16137982767346376,0.26889782011971297,0.2473427707414262
3,9,C1_CastIron_d0.75_f0.25,1,0.75,0.25,0.23,0.2024353506849187,0.3587808393104316,0.12140134339211378,0.31211563597926534,0.16386496106018164,0.1699687468448304,0.19074015066525407,0.18559748723520927
3,10,C1_CastIron_d0.75_f0.25,1,0.75,0.25,0.26,0.29852186700992356,0.4646666968758518,0.17761947252975802,0.46097381538730686,0.2273773994387965,0.2453243772975391,0.23877235538515917,0.3030219005741501
3,11,C1_CastIron_d0.75_f0.25,1,0.75,0.25,0.28,0.2648363308179501,0.5039621506523737,0.2532858817969986,0.4635457019651386,0.24140355503973152,0.2506015725240532,0.39552690391223483,0.436061758627176
3,12,C1_CastIron_d0.75_f0.25,1,0.75,0.25,0.33,0.2807628506239489,0.5736953752539555,0.31546095158358195,0.5557908641593958,0.2730445816356845,0.2900233065872037,0.2927215565018381,0.39849302593655483
3,14,C1_CastIron_d0.75_f0.25,1,0.75,0.25,0.36,0.2872094185943243,0.5753087689241514,0.4255153725085804,0.49830158898343746,0.3105718093671035,0.3199676102329043,0.36804361480903985,0.43048841416432576
3,15,C1_CastIron_d0.75_f0.25,1,0.75,0.25,0.44,0.28661419707764507,0.6329945723302335,0.43345076131349436,0.5919802941503142,0.33436412260941667,0.34603272567301985,0.35786291496743217,0.45899167877608377
3,16,C1_CastIron_d0.75_f0.25,1,0.75,0.25,0.55,0.7359218500828779,0.7818476185151593,0.4774583311101831,0.5085581523669988,0.47801609513204324,0.5342841987816329,0.4494590719511261,0.5797292466360968
4,1,C3_CastIron_d1.50_f0.25,1,1.5,0.25,0.08,0.1401934360204546,-0.08616169111933247,0.1309706200890136,0.14335313414168493,0.14349657998520227,0.13868671664592716,0.11017952111825471,0.09906766972343294
4,2,C3_CastIron_d1.50_f0.25,1,1.5,0.25,0.13,0.17050294881264097,0.013798515288850177,0.08105488312805609,0.15626694881781572,0.09858513359074353,0.09747177719539948,0.13303840301302824,0.11655110270179021
4,3,C3_CastIron_d1.50_f0.25,1,1.5,0.25,0.2,0.2616110648244207,0.05215839907745112,0.34034735019229406,0.22340308833427966,0.2896420238095237,0.2835630010185891,0.28840704198166,0.2461610911472871
4,4,C3_CastIron_d1.50_f0.25,1,1.5,0.25,0.31,0.18475851447234787,0.10909447433837993,-0.0017390777088016063,0.21666941496779438,0.12776723676534682,0.1466557908288249,0.12731966967519298,0.1491226715132682
4,5,C3_CastIron_d1.50_f0.25,1,1.5,0.25,0.35,0.27637386489672855,0.15669810609472232,0.25157006469011656,0.24008130060073843,0.35341470102557154,0.35974152013835825,0.3180485578884315,0.2710040498814327
4,6,C3_CastIron_d1.50_f0.25,1,1.5,0.25,0.4,0.3356771558569281,0.3100414026414532,0.3094744220438613,0.3946439662643551,0.5194654056952056,0.4747245233024119,0.4907499069498551,0.4405065030517091
4,7,C3_CastIron_d1.50_f0.25,1,1.5,0.25,0.49,0.3673813431912292,0.35969964369850804,0.31086620766017603,0.43889028414455017,0.5296043525274421,0.4977945079033692,0.518173264153241,0.45924580404592535
9,1,C4_CastIron_d1.50_f0.50,1,1.5,0.5,0.0,0.19708371585499943,-0.17899869476996888,0.1629708693334987,0.12474832151637089,0.12396342123717805,0.12195268458876894,0.12815443612146965,0.06925030980188368
9,2,C4_CastIron_d1.50_f0.50,1,1.5,0.5,0.1,0.1886747081864171,-0.18360259843184146,0.1601932031012428,0.12857558541660047,0.147016942160699,0.14440620551228986,0.11372159924503948,0.07439335230788845
9,3,C4_CastIron_d1.50_f0.50,1,1.5,0.5,0.14,0.3341670607790303,0.02770578571400839,0.2632639726249497,0.1835100551966914,0.2548244940321227,0.2414383969254583,0.16391670569234099,0.07982112139735498
9,4,C4_CastIron_d1.50_f0.50,1,1.5,0.5,0.19,0.4190727143493703,0.16988123069005448,0.3018605995090439,0.2405123591657327,0.37185170735210216,0.33957969493469486,0.3023072909553108,0.2038951061386359
9,5,C4_CastIron_d1.50_f0.50,1,1.5,0.5,0.27,0.48941373547977474,0.27879999859178456,0.5236928405217778,0.3176517096529041,0.43207372084587037,0.39893638050838065,0.4195170288436004,0.4332693896414205
9,6,C4_CastIron_d1.50_f0.50,1,1.5,0.5,0.38,0.596308315969676,0.3701694520365937,0.5890063926301721,0.4072920140461707,0.5826692844479023,0.5435444205239209,0.6148640836608524,0.5135816622234656
9,7,C4_CastIron_d1.50_f0.50,1,1.5,0.5,0.47,0.6718934274326614,0.5177709511632156,0.5380518666137425,0.4577978487481498,0.5651301914113093,0.5603260042180043,0.5967006712103199,0.5598145520067673
9,8,C4_CastIron_d1.50_f0.50,1,1.5,0.5,0.64,0.6972583812769,0.6245836459954021,0.4664924506278126,0.4942043553487557,0.5718671397407576,0.5644784531579533,0.6105565313972936,0.5705764219958491
9,9,C4_CastIron_d1.50_f0.50,1,1.5,0.5,0.81,0.7564627344009032,0.73336570689003,0.4675540680907099,0.5059739086462277,0.5675171397407576,0.5652867864912866,0.5666628245260718,0.5654229507615296
10,1,C3_CastIron_d1.50_f0.25,1,1.5,0.25,0.0,0.10291330801438836,-0.08409152499901701,0.08433854022100379,0.1326593456549245,0.09279169390450738,0.09307669814862923,0.07607529151992602,0.05588984696801247
10,2,C3_CastIron_d1.50_f0.25,1,1.5,0.25,0.04,0.14119525442433492,-0.07149088755289101,0.10058715015091974,0.11032852625382111,0.20753211851304382,0.21038226569917165,0.18402710073982267,0.14566573576169578
10,3,C3_CastIron_d1.50_f0.25,1,1.5,0.25,0.08,0.16505656086363021,0.025538899923720992,0.06754861061576761,0.15737427981003677,0.06704093498705962,0.07196911305398532,0.10934549031516179,0.0913318339387366
10,4,C3_CastIron_d1.50_f0.25,1,1.5,0.25,0.16,0.17231151692481717,0.10096153071066849,-0.008254092521930934,0.2055410768936165,0.11975180259167732,0.12496679438409324,0.04725763225968374,0.11606548316945976
10,5,C3_CastIron_d1.50_f0.25,1,1.5,0.25,0.25,0.25530351592914297,0.1950341887089681,0.06464549675607645,0.24899257034326658,0.32001463807532377,0.3256231677985244,0.26858775179905137,0.2497474335157238
10,6,C3_CastIron_d1.50_f0.25,1,1.5,0.25,0.36,0.34332933883973477,0.28132307950018914,0.2919606533619722,0.3523721489017369,0.4105895781543969,0.41658185424048305,0.3647706307791793,0.37653319728892126
10,7,C3_CastIron_d1.50_f0.25,1,1.5,0.25,0.43,0.3278395822110321,0.3807600470501081,0.12020533040391423,0.40184118882792175,0.422421068709129,0.4547211876702113,0.39892958385591004,0.4624676831786337
10,8,C3_CastIron_d1.50_f0.25,1,1.5,0.25,0.47,0.44904887145303574,0.49869416135456635,0.41701822734471594,0.4874497600717732,0.5669710877097256,0.5945723333600764,0.5832154078606615,0.5631878055844901
10,9,C3_CastIron_d1.50_f0.25,1,1.5,0.25,0.53,0.54140575317804,0.5840251077194526,0.5641110060735604,0.5925498473479593,0.6393837735272883,0.668863872488656,0.5978696125348162,0.7012647282458789
10,10,C3_CastIron_d1.50_f0.25,1,1.5,0.25,0.7,0.6970085091549859,0.5913677540885564,0.5932661649562285,0.5666990255758806,0.6464831964705826,0.6843343464169017,0.69299969377977,0.6611691150013181
11,1,C1_CastIron_d0.75_f0.25,1,0.75,0.25,0.0,-0.05687686037078382,0.1741708103242184,0.12181677725029555,0.18174537110234157,0.06902889586236478,0.07113355254039608,0.07115211579515944,0.06893363786766454
11,2,C1_CastIron_d0.75_f0.25,1,0.75,0.25,0.04,-0.0319055878979731,0.1844345463314725,0.15994275022110632,0.19759760302570017,0.0985055104355311,0.0985464766373719,0.1078377049134103,0.12000905092217051
11,3,C1_CastIron_d0.75_f0.25,1,0.75,0.25,0.07,-0.0259480067142418,0.20681447898179936,0.11424927291119918,0.1811777634995888,0.06427654377001268,0.06565291761976115,0.05970564163098505,0.06347818154198787
11,4,C1_CastIron_d0.75_f0.25,1,0.75,0.25,0.07,0.01939641879630105,0.2559068088156383,0.1335953629250874,0.19807289000827985,0.09722515329267395,0.09685480997070525,0.11390318814489642,0.11968679985680886
11,5,C1_CastIron_d0.75_f0.25,1,0.75,0.25,0.08,0.0739387972122505,0.270389744010525,0.22992625794990326,0.23489858908296735,0.1482105990045128,0.14271759970548026,0.16951503111222996,0.15930066252523314
11,6,C1_CastIron_d0.75_f0.25,1,0.75,0.25,0.09,0.07909146058019384,0.2971648609234787,0.20931471659129838,0.2352366781208973,0.13833167732419793,0.13913585454489602,0.16756840226345376,0.15912865831328196
11,8,C1_CastIron_d0.75_f0.25,1,0.75,0.25,0.12,0.07484567505275408,0.3307705142782541,0.10725893031459965,0.2285561903391057,0.1256090720618132,0.12772517541193745,0.14052280895746172,0.14657600351790495
11,9,C1_CastIron_d0.75_f0.25,1,0.75,0.25,0.16,0.09327308834356474,0.29663093300362764,0.12779074391921935,0.21485365073229187,0.16405593766865315,0.16359227035084886,0.17131779037887201,0.17397619408577641
11,10,C1_CastIron_d0.75_f0.25,1,0.75,0.25,0.18,0.12558015989620222,0.32845776516871017,0.1528785667580208,0.23495186577361268,0.1618428782280937,0.16010897281505135,0.14618817824010139,0.1427978998938732
11,11,C1_CastIron_d0.75_f0.25,1,0.75,0.25,0.2,0.14598784783409527,0.3253077860486132,0.12242348054736962,0.27175998870563356,0.1513290612353688,0.1568959171954562,0.15670917326153383,0.17507754448412138
11,12,C1_CastIron_d0.75_f0.25,1,0.75,0.25,0.23,0.09535641370624326,0.278380466132373,0.1437419496812714,0.2994949129335869,0.15643025414686343,0.16467633003176282,0.14613021522785555,0.15559269693519254
11,13,C1_CastIron_d0.75_f0.25,1,0.75,0.25,0.26,0.19579287292142758,0.41619395390942526,0.16890346599276768,0.32255181347936007,0.1698812587437428,0.1766554918588389,0.17422325167500977,0.20127837320217506
11,15,C1_CastIron_d0.75_f0.25,1,0.75,0.25,0.31,0.17324542931725465,0.3868344246314078,0.06786507093865862,0.3550525228562744,0.16640866744615143,0.17846501835573378,0.21459916558340061,0.1996133209798518
11,16,C1_CastIron_d0.75_f0.25,1,0.75,0.25,0.37,0.13375823594531974,0.3388988208009131,0.10981331597179789,0.33839043282607345,0.17863721903345303,0.189776837486895,0.15796103187025565,0.1882793409861479
11,18,C1_CastIron_d0.75_f0.25,1,0.75,0.25,0.42,0.2570145580549213,0.4747185616370084,0.126694654057584,0.48445328658074327,0.25128610018249714,0.2688926752740723,0.24340782437906608,0.33191600289447626
11,19,C1_CastIron_d0.75_f0.25,1,0.75,0.25,0.47,0.391739865527796,0.6496344359632695,0.5057286346740898,0.6177830895012253,0.3150946922521922,0.3274931829500909,0.35897490580414243,0.4630339930428759
11,20,C1_CastIron_d0.75_f0.25,1,0.75,0.25,0.57,0.5242224763948496,0.6431108650415913,0.506344858776343,0.6261400118503577,0.351606120750165,0.3668263313728756,0.39182645121559223,0.4877250504310326
11,21,C1_CastIron_d0.75_f0.25,1,0.75,0.25,0.65,0.27772624194910617,0.6083994006367749,0.2777642006317087,0.5514402452739613,0.31445345779220785,0.3296943777056278,0.31523117585648586,0.4230154280996504
11,22,C1_CastIron_d0.75_f0.25,1,0.75,0.25,0.68,0.41270743239415203,0.7447328495519339,0.48263886514624244,0.5269931901335331,0.5109604444417425,0.570941406307248,0.4827013859907746,0.5554699556950129
11,23,C1_CastIron_d0.75_f0.25,1,0.75,0.25,0.76,0.6620273449277005,0.6962349434127513,0.4176093647382959,0.509050198950415,0.3592860191197692,0.3681139037351538,0.4523158501575845,0.49502964664289195
12,2,C2_CastIron_d0.75_f0.50,1,0.75,0.5,0.05,0.012794610255592753,-0.15351476018816979,0.09310097426886615,0.09828506653873376,0.13799083859469582,0.13560570968851426,0.14291301798850142,0.10021548148963982
12,3,C2_CastIron_d0.75_f0.50,1,0.75,0.5,0.08,0.0386310193911667,-0.08888491733210863,0.08885528493046485,0.11902604925025334,0.1569895062832164,0.15323445674211425,0.15200561154877465,0.1257939104240797
12,5,C2_CastIron_d0.75_f0.50,1,0.75,0.5,0.12,0.1900801520798046,0.004146052841548231,0.24228295161692154,0.16441661015739634,0.2790499814074814,0.2782135894660895,0.2728909814704894,0.21715552120274823
12,6,C2_CastIron_d0.75_f0.50,1,0.75,0.5,0.17,0.2286782248285656,0.0471675930196398,0.298536755202755,0.25237953061034535,0.3097030548340549,0.3068486103896105,0.331176634871835,0.2497360923586136
12,7,C2_CastIron_d0.75_f0.50,1,0.75,0.5,0.2,0.2141806359069364,0.12277542517933848,0.2879000806403316,0.29847685674482005,0.3691481043440566,0.3587064737524259,0.37082989019625157,0.2997864574871734
12,8,C2_CastIron_d0.75_f0.50,1,0.75,0.5,0.24,0.26996321173984084,0.16228616105374943,0.3587523558556693,0.3537600797810643,0.4192047911170954,0.42424922069078974,0.4187302312238894,0.3968084513064865
12,9,C2_CastIron_d0.75_f0.50,1,0.75,0.5,0.32,0.3868183318688287,0.3000735973086658,0.4185747648584417,0.43227082225466235,0.5642732475160074,0.5681213931598158,0.5667708359181297,0.5245725959532672
12,11,C2_CastIron_d0.75_f0.50,1,0.75,0.5,0.4,0.4198510790162931,0.33345017062697624,0.4040957522972133,0.43363951830814496,0.546761602095347,0.5600856772006542,0.6067923840030957,0.5658869121490802
12,12,C2_CastIron_d0.75_f0.50,1,0.75,0.5,0.45,0.38984163803755845,0.31648590239214547,0.45559488783010477,0.43615980286142997,0.5309717105854458,0.5526365122074348,0.5792025437876023,0.5723383340608776
12,13,C2_CastIron_d0.75_f0.50,1,0.75,0.5,0.49,0.83304926730263,0.5193110103721232,0.5699660154766454,0.49243219960888757,0.63075896359326,0.6252169561213641,0.6894031720055396,0.5818449374056289
12,14,C2_CastIron_d0.75_f0.50,1,0.75,0.5,0.58,0.3992478582514765,0.5315490346664266,0.3852529035270334,0.5640719091623805,0.42449642676550176,0.5919751289361168,0.45885201496862166,0.6313458891163712
12,15,C2_CastIron_d0.75_f0.50,1,0.75,0.5,0.65,0.4777901415095218,0.6264448288734075,0.4934223422412551,0.6312935698296419,0.4797442242107465,0.6474092356594585,0.47374854821173634,0.6713057752066561
5,1,C8_Stainless_d1.50_f0.50,2,1.5,0.5,0.0,0.29450580635458695,0.10070602461086764,0.18190501108342783,0.2826124470053998,0.20853653048716886,0.22332648793761303,0.15304826368528926,0.14303104896178098
5,2,C8_Stainless_d1.50_f0.50,2,1.5,0.5,0.16,0.4220329633493739,0.28336873446869815,0.4131181166107863,0.4082887771245633,0.4888284221482844,0.4853107662801874,0.5510266183386312,0.431577625539205
5,3,C8_Stainless_d1.50_f0.50,2,1.5,0.5,0.29,0.4645805411890714,0.26580522915203847,0.6582693494573617,0.38971475858397897,0.5467433267273584,0.5163592217862271,0.5138275568811309,0.42802072914833245
5,4,C8_Stainless_d1.50_f0.50,2,1.5,0.5,0.44,0.6102249911398484,0.6058192142529214,0.6166088112457302,0.6528467415462164,0.46551565935139844,0.633309727500312,0.46768580931738585,0.4806531554648922
5,5,C8_Stainless_d1.50_f0.50,2,1.5,0.5,0.53,0.6961991435794834,0.7249965584588989,0.6427528186256439,0.6701689695365989,0.49355049848423,0.6535952067824679,0.5423864511418043,0.560498575372913
5,6,C8_Stainless_d1.50_f0.50,2,1.5,0.5,0.74,0.8576855833761723,0.9836739426612018,0.6872573289913013,0.6703119477834056,0.4319040988526722,0.6386451745612778,0.4356544070379996,0.5702865360044829
6,1,C7_Stainless_d1.50_f0.25,2,1.5,0.25,0.0,0.3647644608265832,0.10632458694264121,0.2868797055836861,0.2768887447806341,0.11967338247324903,0.11018327904726327,0.15653140968965262,0.10818700021348635
7,1,C5_Stainless_d0.75_f0.25,2,0.75,0.25,0.0,-0.015116476459087036,0.09342178371951071,0.10464215025019352,0.09427271845881063,0.05157066442107348,0.05158695760501372,0.03737240284487951,0.028458018988422394
7,2,C5_Stainless_d0.75_f0.25,2,0.75,0.25,0.09,0.02345932442596721,0.1441128112079892,0.07734097823344227,0.10363871704543287,0.04957366947157852,0.04965567694123305,0.04571886934108049,0.04524208207232395
7,3,C5_Stainless_d0.75_f0.25,2,0.75,0.25,0.13,0.07603059141070154,0.1870825094118693,0.07090060550202376,0.11338444306088613,0.09002737491896898,0.08573611411767874,0.0923471774984585,0.07152401343468323
7,4,C5_Stainless_d0.75_f0.25,2,0.75,0.25,0.22,0.15363093923134596,0.21538568903000513,0.2698639363902997,0.16639852592329235,0.17943422399822398,0.18964242854367858,0.22013763883145274,0.21144486274194976
7,5,C5_Stainless_d0.75_f0.25,2,0.75,0.25,0.24,0.15857438701909013,0.28902034408449706,0.08521061258209722,0.19850737515841227,0.14932546975341107,0.16375309290915108,0.1392712799728547,0.13915515514699336
7,6,C5_Stainless_d0.75_f0.25,2,0.75,0.25,0.34,0.17237635416716623,0.33813454814352123,0.1009448112711086,0.2776167076947557,0.104798998013759,0.10495341970932913,0.08435675051862351,0.09664165689398178
7,7,C5_Stainless_d0.75_f0.25,2,0.75,0.25,0.46,0.28278553452523475,0.3373813488407001,0.34389029028599066,0.2464996804701042,0.19580840776870193,0.2023874571915014,0.18971859972882046,0.20994966571695362
8,1,C6_Stainless_d0.75_f0.50,2,0.75,0.5,0.0,0.10062878018501703,0.08736810617319649,0.10181845971418851,0.20205015586198816,0.07421626614761005,0.08859892024472067,0.061944018491170864,0.06861977275048411
8,2,C6_Stainless_d0.75_f0.50,2,0.75,0.5,0.18,0.3900286838211312,0.21180164155825817,0.42830305182854406,0.3755555607419417,0.30643342007536684,0.28538006148950823,0.33163493154838514,0.28141291944205443
8,3,C6_Stainless_d0.75_f0.50,2,0.75,0.5,0.3,0.3380426868998788,0.2918526123932706,0.24323230519612682,0.266230628374249,0.1932208833345055,0.21781692854660317,0.15968453720967254,0.15719242196522865
8,5,C6_Stainless_d0.75_f0.50,2,0.75,0.5,0.44,0.35447005048394864,0.3295284124527292,0.49837125454008135,0.4593224486250482,0.40765092205134,0.4194027582566686,0.3219532465169904,0.4082942217817821
8,6,C6_Stainless_d0.75_f0.50,2,0.75,0.5,0.62,0.3359874772746484,0.3919774980999544,0.3373130600797597,0.4690004662942272,0.42246280364319644,0.4778975048629063,0.34288521660911464,0.43385949184789985
13,3,C5_Stainless_d0.75_f0.25,2,0.75,0.25,0.1,0.2585762953821936,0.20206518389321956,0.3981596484293326,0.318784742407222,0.19006714153493567,0.19202424290578704,0.2523941847185546,0.23839347793917412
13,4,C5_Stainless_d0.75_f0.25,2,0.75,0.25,0.13,0.16074419358477937,0.22535059235713364,0.14948669495711142,0.10054290438640584,0.18045850845189867,0.18500194983653745,0.19845896301786803,0.1897938135226085
13,5,C5_Stainless_d0.75_f0.25,2,0.75,0.25,0.17,0.10891589168014038,0.2456226606298136,0.06780674347939969,0.15981362335727614,0.09910087278548155,0.09676080246038181,0.10509330010281202,0.0802678421492251
13,6,C5_Stainless_d0.75_f0.25,2,0.75,0.25,0.32,0.3087377510000671,0.3478924960801523,0.2962786081598361,0.2237567225323108,0.19863552071741095,0.20873444622903392,0.18903407377269255,0.2149235425390153
13,7,C5_Stainless_d0.75_f0.25,2,0.75,0.25,0.38,0.17981982654087414,0.3472434448162636,0.14706380126135643,0.23994407805160894,0.1977362978422545,0.20718458896779562,0.2008312746262789,0.2116814977022566
13,8,C5_Stainless_d0.75_f0.25,2,0.75,0.25,0.49,0.309864485464355,0.4088598419166847,0.27725879478172555,0.27674666372384793,0.24002112884483942,0.2463429341228947,0.21069052594014326,0.22343177460753483
13,9,C5_Stainless_d0.75_f0.25,2,0.75,0.25,0.56,0.2877257039920024,0.4148858091648866,0.25664059048842924,0.29982412606444175,0.2440205709550169,0.2486912385961992,0.22203412036811684,0.26679741488743547
13,10,C5_Stainless_d0.75_f0.25,2,0.75,0.25,0.68,0.32891726067312677,0.5005773367114559,0.27442400443821413,0.3699970124568067,0.30569593809942,0.32244918969431646,0.2812880983990294,0.32635938487427985
13,11,C5_Stainless_d0.75_f0.25,2,0.75,0.25,0.83,0.3286748415464514,0.568430421054809,0.3884438820778911,0.581172028560412,0.3603672988039029,0.3693621096728586,0.2873893518464408,0.34651266205270076
13,12,C5_Stainless_d0.75_f0.25,2,0.75,0.25,0.92,0.39044271882146486,0.6340247206696175,0.5567508563851187,0.6825123476960092,0.4462491597978564,0.4826220587443412,0.49836702104589264,0.5433607360463564
13,13,C5_Stainless_d0.75_f0.25,2,0.75,0.25,1.07,0.4334306886620426,0.6595132292648813,0.5792472322499764,0.6910497599862939,0.4175468138852549,0.4496452083888143,0.45556900206250883,0.5123611742536018
13,14,C5_Stainless_d0.75_f0.25,2,0.75,0.25,1.3,0.3855756332674635,0.7022604037564997,0.4558253210002227,0.7172215331564686,0.3147111455127497,0.3402520810903301,0.27720759607251033,0.39154023245885683
13,15,C5_Stainless_d0.75_f0.25,2,0.75,0.25,1.53,0.5732079367735621,0.785072515223479,0.40348023774489206,0.5566990681306119,0.5334142405972312,0.5522191576708131,0.7562470591715579,0.8080346725028292
14,2,C6_Stainless_d0.75_f0.50,2,0.75,0.5,0.09,0.313214641767089,0.23595157116473267,0.4144001085191845,0.35167579890115097,0.3215560497331465,0.2943155074976042,0.30640554370147327,0.2872353083968946
14,3,C6_Stainless_d0.75_f0.50,2,0.75,0.5,0.17,0.3323066117050446,0.2924221630068832,0.37900430525718065,0.3991144865974584,0.35370675932809836,0.34689051064729864,0.2697832512466795,0.312873643872357
14,4,C6_Stainless_d0.75_f0.50,2,0.75,0.5,0.24,0.34824849576482836,0.3357947728951235,0.42187418921954867,0.4309924582780674,0.35613004857644015,0.40018049431233466,0.32527388278906594,0.3969631951708961
14,6,C6_Stainless_d0.75_f0.50,2,0.75,0.5,0.35,0.4010059269124574,0.43006045076876165,0.5065610263635583,0.5091654201044588,0.5367950039366332,0.6172767472021063,0.5707364890698079,0.6832159478858808
14,8,C6_Stainless_d0.75_f0.50,2,0.75,0.5,0.6,0.6385516601720846,0.6871922119766469,0.5811934457290935,0.5732764349555103,0.540012145197371,0.6599799600124087,0.6338369045947093,0.7893228563895957
14,9,C6_Stainless_d0.75_f0.50,2,0.75,0.5,0.81,0.6004841692064559,0.7342184590059855,0.5864609712548631,0.6502188114470745,0.5035820856422045,0.705096390129337,0.5319095127380973,0.8334808491141439
14,10,C6_Stainless_d0.75_f0.50,2,0.75,0.5,1.14,0.5943482995448727,0.789491307044965,0.7215597747607625,0.8354473705800343,0.5720576887721073,0.7705433032232911,0.8028289264547239,0.9820713684181117
15,2,C7_Stainless_d1.50_f0.25,2,1.5,0.25,0.15,0.3640388697753286,0.2395085366794168,0.527621136131939,0.4629989228714422,0.5215183736804133,0.5010947174170858,0.5818260823384959,0.5197534927219575
15,3,C7_Stainless_d1.50_f0.25,2,1.5,0.25,0.28,0.3800580658763878,0.3244215857696361,0.449924570882664,0.4252224894664254,0.46003607825932763,0.43638480351348,0.46346710175048605,0.4561927908454189
15,4,C7_Stainless_d1.50_f0.25,2,1.5,0.25,0.37,0.5515183548879357,0.41420441870945474,0.7032217449110137,0.7318075216424851,0.5081827983302611,0.5635735635241637,0.5726188957020473,0.561422412475256
15,5,C7_Stainless_d1.50_f0.25,2,1.5,0.25,0.48,0.45353999478631707,0.4694888862182617,0.5062003388761517,0.47846169692432344,0.6953448693964546,0.5648574353424355,0.6752979325280533,0.5508795311698089
15,6,C7_Stainless_d1.50_f0.25,2,1.5,0.25,0.56,0.39306713543978167,0.4330568604643977,0.37224604938963674,0.6080795408258677,0.4883417247297531,0.5356735967138622,0.4723588849604622,0.4763247931835905
15,7,C7_Stainless_d1.50_f0.25,2,1.5,0.25,0.7,0.6048674513464375,0.599613682584428,0.529587045662319,0.650507663441491,0.5918323092271044,0.6707736197622325,0.5661762201986155,0.6354603817956961
16,3,C8_Stainless_d1.50_f0.50,2,1.5,0.5,0.24,0.5450915547295142,0.4891928021090561,0.46332157867842444,0.5600225243625835,0.33350908273099444,0.538627840509164,0.4351864493138056,0.32052135209710236
16,5,C8_Stainless_d1.50_f0.50,2,1.5,0.5,0.4,0.7384687138924709,0.6081727692663637,0.5516742849861115,0.6290918506830697,0.6058251408130342,0.7468126097607529,0.5915102999930177,0.6642864688173868
16,6,C8_Stainless_d1.50_f0.50,2,1.5,0.5,0.62,0.8754713944402923,0.6808382902121912,0.5278319009353557,0.5022174405542746,0.6273005699911544,0.7097966066505735,0.6774226225732942,0.6497854423036575
