fold,case,num_runs,condition_id,material_name,DOC_mm,feed_mm_rev,Ridge_MAE_A,Ridge_MAE_B,Ridge_delta_MAE,SVR_MAE_A,SVR_MAE_B,SVR_delta_MAE,Random Forest_MAE_A,Random Forest_MAE_B,Random Forest_delta_MAE,Gradient Boosting_MAE_A,Gradient Boosting_MAE_B,Gradient Boosting_delta_MAE
1,1,13,C4_CastIron_d1.50_f0.50,Cast Iron,1.5,0.5,0.1924,0.1924,0.0,0.1775,0.1832,0.0057,0.1549,0.1534,-0.0015,0.1171,0.119,0.0019
2,2,12,C2_CastIron_d0.75_f0.50,Cast Iron,0.75,0.5,0.0447,0.0446,-0.0,0.0924,0.099,0.0067,0.0917,0.0852,-0.0065,0.0912,0.1019,0.0107
3,3,14,C1_CastIron_d0.75_f0.25,Cast Iron,0.75,0.25,0.0922,0.0924,0.0003,0.0638,0.0493,-0.0145,0.0605,0.0603,-0.0002,0.0748,0.0813,0.0065
4,4,7,C3_CastIron_d1.50_f0.25,Cast Iron,1.5,0.25,0.0775,0.0791,0.0016,0.0867,0.085,-0.0018,0.0642,0.0695,0.0053,0.0639,0.0615,-0.0024
5,5,6,C8_Stainless_d1.50_f0.50,Stainless Steel J45,1.5,0.5,0.1754,0.1761,0.0008,0.1919,0.1881,-0.0038,0.1957,0.1938,-0.002,0.1843,0.181,-0.0033
6,6,1,C7_Stainless_d1.50_f0.25,Stainless Steel J45,1.5,0.25,0.3526,0.3525,-0.0001,0.2959,0.2894,-0.0065,0.1192,0.124,0.0048,0.1664,0.1501,-0.0164
7,7,7,C5_Stainless_d0.75_f0.25,Stainless Steel J45,0.75,0.25,0.07,0.0699,-0.0001,0.1027,0.1044,0.0017,0.0941,0.0951,0.001,0.0982,0.0954,-0.0028
8,8,5,C6_Stainless_d0.75_f0.50,Stainless Steel J45,0.75,0.5,0.1448,0.1453,0.0004,0.1321,0.1298,-0.0023,0.127,0.1185,-0.0086,0.171,0.161,-0.01
9,9,9,C4_CastIron_d1.50_f0.50,Cast Iron,1.5,0.5,0.1348,0.139,0.0041,0.1555,0.1758,0.0202,0.1152,0.1172,0.002,0.1087,0.1127,0.004
10,10,10,C3_CastIron_d1.50_f0.25,Cast Iron,1.5,0.25,0.0466,0.0465,-0.0001,0.084,0.0818,-0.0023,0.0655,0.0665,0.0011,0.059,0.0644,0.0054
11,11,20,C1_CastIron_d0.75_f0.25,Cast Iron,0.75,0.25,0.0926,0.0921,-0.0005,0.1192,0.1167,-0.0025,0.1063,0.1033,-0.003,0.1056,0.1047,-0.0009
12,12,12,C2_CastIron_d0.75_f0.50,Cast Iron,0.75,0.5,0.0882,0.0878,-0.0004,0.0897,0.1007,0.011,0.1161,0.1141,-0.002,0.1144,0.1144,-0.0
13,13,13,C5_Stainless_d0.75_f0.25,Stainless Steel J45,0.75,0.25,0.3622,0.3676,0.0054,0.3714,0.3714,0.0,0.3875,0.3812,-0.0064,0.36,0.3507,-0.0093
14,14,7,C6_Stainless_d0.75_f0.50,Stainless Steel J45,0.75,0.5,0.1916,0.1928,0.0012,0.2191,0.2094,-0.0097,0.2318,0.2214,-0.0105,0.221,0.2204,-0.0006
15,15,6,C7_Stainless_d1.50_f0.25,Stainless Steel J45,1.5,0.25,0.1282,0.1283,0.0001,0.2101,0.2262,0.0161,0.2152,0.2157,0.0005,0.219,0.2352,0.0162
16,16,3,C8_Stainless_d1.50_f0.50,Stainless Steel J45,1.5,0.5,0.2805,0.2847,0.0042,0.1376,0.1913,0.0537,0.1066,0.1115,0.0049,0.1687,0.1529,-0.0157
