case,run,condition_id,material_name,DOC_mm,feed_mm_rev,VB_mm,pred_A_Ridge,pred_B_Ridge,residual_A_Ridge,residual_B_Ridge,pred_A_SVR,pred_B_SVR,residual_A_SVR,residual_B_SVR,pred_A_Random Forest,pred_B_Random Forest,residual_A_Random Forest,residual_B_Random Forest,pred_A_Gradient Boosting,pred_B_Gradient Boosting,residual_A_Gradient Boosting,residual_B_Gradient Boosting
1,1,C4_CastIron_d1.50_f0.50,Cast Iron,1.5,0.5,0.0,0.23765507902500793,0.23726662129090786,-0.23765507902500793,-0.23726662129090786,0.1769005496799635,0.17068761242180658,-0.1769005496799635,-0.17068761242180658,0.18223539553487886,0.17774256915087694,-0.18223539553487886,-0.17774256915087694,0.1771214966332626,0.1744710058707315,-0.1771214966332626,-0.1744710058707315
1,4,C4_CastIron_d1.50_f0.50,Cast Iron,1.5,0.5,0.11,0.2811007532970825,0.2806596776092853,-0.17110075329708252,-0.1706596776092853,0.2383473442660463,0.23405848389547007,-0.12834734426604633,-0.12405848389547007,0.2069829489455204,0.19867329021082106,-0.09698294894552041,-0.08867329021082106,0.1781750281799247,0.17366210405799642,-0.0681750281799247,-0.06366210405799642
1,6,C4_CastIron_d1.50_f0.50,Cast Iron,1.5,0.5,0.2,0.3437311211818629,0.3432142851072407,-0.14373112118186288,-0.1432142851072407,0.22230341116531593,0.23896429093911306,-0.022303411165315923,-0.03896429093911305,0.22790982091982098,0.22834568581418577,-0.02790982091982097,-0.028345685814185756,0.15644078494006683,0.1622418690090748,0.04355921505993318,0.037758130990925204
1,7,C4_CastIron_d1.50_f0.50,Cast Iron,1.5,0.5,0.24,0.4448495756702899,0.44446366270506654,-0.20484957567028989,-0.20446366270506655,0.47379006899345905,0.48090869554757343,-0.23379006899345905,-0.24090869554757344,0.40285089476446473,0.395222904938199,-0.16285089476446474,-0.155222904938199,0.422693976499394,0.4174965244757751,-0.182693976499394,-0.17749652447577513
1,8,C4_CastIron_d1.50_f0.50,Cast Iron,1.5,0.5,0.29,0.4391488521783323,0.43886351671726065,-0.14914885217833235,-0.14886351671726067,0.44229614049265426,0.4599475560795948,-0.15229614049265428,-0.16994755607959483,0.3411473749994414,0.3485484993946541,-0.05114737499944144,-0.05854849939465412,0.2823218069790614,0.28619564345671167,0.007678193020938584,0.003804356543288312
1,9,C4_CastIron_d1.50_f0.50,Cast Iron,1.5,0.5,0.28,0.5024387821753653,0.5022753947727633,-0.22243878217536528,-0.22227539477276326,0.5610783400920497,0.5818136634766076,-0.2810783400920497,-0.30181366347660754,0.5154087348895513,0.5159623093347141,-0.23540873488955127,-0.23596230933471407,0.45873314447869057,0.4582700681689282,-0.17873314447869054,-0.17827006816892815
1,10,C4_CastIron_d1.50_f0.50,Cast Iron,1.5,0.5,0.29,0.5085811325207579,0.508528828244913,-0.2185811325207579,-0.218528828244913,0.3955534626560694,0.37942876946505516,-0.10555346265606941,-0.08942876946505518,0.5350912176845342,0.5428936352669519,-0.24509121768453418,-0.2528936352669519,0.4901550155472046,0.5032873943769807,-0.2001550155472046,-0.2132873943769807
1,11,C4_CastIron_d1.50_f0.50,Cast Iron,1.5,0.5,0.38,0.6264067375173302,0.6265065746292858,-0.24640673751733022,-0.24650657462928582,0.6697589281677048,0.7216200849469203,-0.28975892816770477,-0.3416200849469203,0.6157391738378578,0.6196840273177113,-0.2357391738378578,-0.23968402731771132,0.593386874327167,0.5900802140116704,-0.21338687432716696,-0.21008021401167043
1,12,C4_CastIron_d1.50_f0.50,Cast Iron,1.5,0.5,0.4,0.583526286845301,0.5838571607083064,-0.18352628684530092,-0.18385716070830638,0.5599119936653599,0.5557675411652129,-0.1599119936653599,-0.15576754116521285,0.5610867363325529,0.5626971406145455,-0.16108673633255288,-0.16269714061454543,0.5084336679850711,0.5163519305132003,-0.10843366798507104,-0.11635193051320025
1,13,C4_CastIron_d1.50_f0.50,Cast Iron,1.5,0.5,0.43,0.5913113135421545,0.591667709102804,-0.1613113135421545,-0.16166770910280398,0.6284435479543978,0.6070677092745508,-0.19844354795439784,-0.1770677092745508,0.5998823785791951,0.5963569795501198,-0.16988237857919514,-0.1663569795501198,0.5405525847737275,0.5430026389644842,-0.11055258477372748,-0.1130026389644842
1,14,C4_CastIron_d1.50_f0.50,Cast Iron,1.5,0.5,0.45,0.5913871581653808,0.5918486227884994,-0.14138715816538078,-0.14184862278849936,0.5685133901552291,0.5545251548555181,-0.11851339015522905,-0.10452515485551811,0.5858043156976324,0.5792229716136119,-0.13580431569763235,-0.1292229716136119,0.5081128548536662,0.522750545030892,-0.058112854853666185,-0.07275054503089201
1,15,C4_CastIron_d1.50_f0.50,Cast Iron,1.5,0.5,0.5,0.6584272119747638,0.6592628151715423,-0.15842721197476384,-0.15926281517154228,0.6700146951436691,0.6769586860571002,-0.17001469514366907,-0.1769586860571002,0.6210328715290557,0.6164492446167524,-0.12103287152905573,-0.11644924461675243,0.5464914350803143,0.5560233219412785,-0.04649143508031428,-0.05602332194127846
1,17,C4_CastIron_d1.50_f0.50,Cast Iron,1.5,0.5,0.44,0.7021906059287184,0.7029615326235987,-0.2621906059287184,-0.2629615326235987,0.7100622114775198,0.7295239124017168,-0.2700622114775198,-0.28952391240171677,0.6279722121883964,0.6222171017596095,-0.18797221218839638,-0.18221710175960953,0.5669136463281773,0.5694444157176403,-0.1269136463281773,-0.12944441571764026
2,2,C2_CastIron_d0.75_f0.50,Cast Iron,0.75,0.5,0.14,0.11121283092863962,0.11141976112061869,0.02878716907136039,0.028580238879381326,0.0886965894344568,0.10273576660141831,0.05130341056554322,0.0372642333985817,0.07144595473327507,0.07150688269420306,0.06855404526672494,0.06849311730579695,0.054168737580938986,0.05599908338520393,0.08583126241906103,0.08400091661479608
2,3,C2_CastIron_d0.75_f0.50,Cast Iron,0.75,0.5,0.14,0.1064716200029959,0.10665918621692044,0.033528379997004115,0.03334081378307957,0.08496818958279045,0.09941417516678241,0.05503181041720956,0.0405858248332176,0.07182719557576593,0.072473187639258,0.06817280442423408,0.06752681236074201,0.06003461034824817,0.05599908338520393,0.07996538965175184,0.08400091661479608
2,4,C2_CastIron_d0.75_f0.50,Cast Iron,0.75,0.5,0.14,0.14707745667599742,0.14720253041237613,-0.007077456675997407,-0.007202530412376118,0.09860480969999202,0.11077610903334995,0.04139519030000799,0.029223890966650068,0.07207755646487682,0.07366653637385676,0.0679224435351232,0.06633346362614326,0.05212821637909339,0.0515024463158322,0.08787178362090663,0.08849755368416781
2,5,C2_CastIron_d0.75_f0.50,Cast Iron,0.75,0.5,0.15,0.2429488977624307,0.2430603235351219,-0.0929488977624307,-0.09306032353512192,0.2443860191574383,0.23604427684695548,-0.0943860191574383,-0.08604427684695548,0.18242087645535215,0.1868940463210615,-0.03242087645535216,-0.0368940463210615,0.1688793498845364,0.1722904590473808,-0.018879349884536406,-0.022290459047380806
2,7,C2_CastIron_d0.75_f0.50,Cast Iron,0.75,0.5,0.18,0.17918670888621768,0.17918754736422277,0.0008132911137823107,0.0008124526357772277,0.2746641113014734,0.2771700143091226,-0.0946641113014734,-0.09717001430912259,0.2379144659355601,0.22846582856172534,-0.0579144659355601,-0.04846582856172535,0.1744193157154817,0.1754154082421544,0.0055806842845183,0.004584591757845591
2,8,C2_CastIron_d0.75_f0.50,Cast Iron,0.75,0.5,0.22,0.22189789499088708,0.22182549374404703,-0.001897894990887078,-0.0018254937440470298,0.2506720116048637,0.25847409662713144,-0.030672011604863686,-0.03847409662713144,0.1840402201254844,0.18113469102495533,0.035959779874515596,0.03886530897504467,0.16515731274285156,0.16106049923569293,0.05484268725714844,0.05893950076430707
2,9,C2_CastIron_d0.75_f0.50,Cast Iron,0.75,0.5,0.26,0.32834403171005605,0.32822182989259135,-0.06834403171005604,-0.06822182989259135,0.29503121000783217,0.30332027508331283,-0.03503121000783216,-0.04332027508331282,0.46656206123159605,0.43280925126378605,-0.20656206123159604,-0.17280925126378605,0.43312987244751266,0.4285250745789608,-0.17312987244751266,-0.16852507457896077
2,10,C2_CastIron_d0.75_f0.50,Cast Iron,0.75,0.5,0.31,0.3610014519525533,0.36082086894575377,-0.05100145195255329,-0.05082086894575377,0.39721592405558503,0.39231452848107284,-0.08721592405558504,-0.08231452848107285,0.5633753702542326,0.5446745684634309,-0.25337537025423257,-0.23467456846343088,0.5370486001044575,0.5413799688263392,-0.22704860010445754,-0.2313799688263392
2,11,C2_CastIron_d0.75_f0.50,Cast Iron,0.75,0.5,0.38,0.37865562923838975,0.3784062596606996,0.0013443707616102585,0.0015937403393004312,0.42138072228265816,0.4362901198060376,-0.041380722282658156,-0.0562901198060376,0.371476155609014,0.3707977666155597,0.008523844390986024,0.009202233384440317,0.34782295061512963,0.3492368119460688,0.03217704938487037,0.03076318805393119
2,12,C2_CastIron_d0.75_f0.50,Cast Iron,0.75,0.5,0.43,0.4206398598915294,0.4204338434338426,0.009360140108470583,0.009566156566157391,0.4943902399117199,0.5089917437523348,-0.06439023991171988,-0.07899174375233481,0.4843755965613246,0.48940035192351466,-0.054375596561324624,-0.05940035192351467,0.47499805527294453,0.479214000637963,-0.04499805527294454,-0.049214000637962996
2,13,C2_CastIron_d0.75_f0.50,Cast Iron,0.75,0.5,0.48,0.6196503720883211,0.6195327625763303,-0.1396503720883211,-0.1395327625763303,0.7847181793975566,0.8405575817914288,-0.30471817939755663,-0.3605575817914288,0.6077590093862275,0.6026282389235983,-0.12775900938622753,-0.12262823892359831,0.6527169931620682,0.7547780412742955,-0.17271699316206823,-0.2747780412742955
2,14,C2_CastIron_d0.75_f0.50,Cast Iron,0.75,0.5,0.55,0.6511321768912384,0.6510464178998174,-0.10113217689123832,-0.10104641789981739,0.7581686995395013,0.7879929269717558,-0.20816869953950123,-0.23799292697175578,0.6690094505162588,0.6469713617016918,-0.11900945051625877,-0.09697136170169174,0.6610286533592941,0.6757796732725897,-0.11102865335929402,-0.12577967327258965
3,1,C1_CastIron_d0.75_f0.25,Cast Iron,0.75,0.25,0.0,0.041410408088996264,0.038373742524239196,-0.041410408088996264,-0.038373742524239196,0.15722670473919398,0.1606735799814722,-0.15722670473919398,-0.1606735799814722,0.10205859643010269,0.10678333502484129,-0.10205859643010269,-0.10678333502484129,0.11468322869413253,0.11144577534306421,-0.11468322869413253,-0.11144577534306421
3,2,C1_CastIron_d0.75_f0.25,Cast Iron,0.75,0.25,0.13,-0.01936888331556047,-0.022236345966130555,0.14936888331556047,0.15223634596613056,0.10069985507185475,0.10199774204655893,0.029300144928145255,0.02800225795344108,0.0674061675893356,0.0671048757756032,0.06259383241066441,0.0628951242243968,0.10366575919683631,0.09919088717911625,0.026334240803163697,0.03080911282088375
3,3,C1_CastIron_d0.75_f0.25,Cast Iron,0.75,0.25,0.13,0.0002133983826113628,-0.0020086724053426375,0.12978660161738864,0.13200867240534264,0.09750578709238317,0.0996455237382845,0.03249421290761684,0.0303544762617155,0.07192979846138753,0.07267620506035354,0.058070201538612476,0.05732379493964647,0.10038343978388045,0.09955891264077572,0.029616560216119553,0.03044108735922428
3,5,C1_CastIron_d0.75_f0.25,Cast Iron,0.75,0.25,0.17,0.011902080910945967,0.010296261554633701,0.15809791908905405,0.1597037384453663,0.09215282309237527,0.09846259775068683,0.07784717690762474,0.07153740224931318,0.057104870639235854,0.05730254917415123,0.11289512936076415,0.11269745082584878,0.05547043713522808,0.060126278561205546,0.11452956286477192,0.10987372143879447
3,6,C1_CastIron_d0.75_f0.25,Cast Iron,0.75,0.25,0.19,0.09339084419859517,0.09218743005296143,0.09660915580140483,0.09781256994703857,0.15252920694379102,0.15711815287690434,0.037470793056208984,0.032881847123095664,0.11838573509134723,0.11802841713152924,0.07161426490865277,0.07197158286847076,0.10349528326254129,0.09530021590420926,0.08650471673745871,0.09469978409579075
3,7,C1_CastIron_d0.75_f0.25,Cast Iron,0.75,0.25,0.2,0.022465731023933844,0.02125303462338146,0.17753426897606617,0.17874696537661855,0.08583551702456504,0.09409676699883152,0.11416448297543497,0.1059032330011685,0.0707470044776197,0.06935712501497708,0.12925299552238032,0.13064287498502292,0.05686116284349808,0.06086650107788212,0.14313883715650194,0.1391334989221179
3,8,C1_CastIron_d0.75_f0.25,Cast Iron,0.75,0.25,0.23,0.1966998917243737,0.19629078290612295,0.03330010827562632,0.03370921709387706,0.2238949645275838,0.2013863112584321,0.006105035472416198,0.028613688741567916,0.17345703021868014,0.16094733115430368,0.05654296978131987,0.06905266884569633,0.3704970367624363,0.3875526289676188,-0.14049703676243627,-0.15755262896761876
3,9,C1_CastIron_d0.75_f0.25,Cast Iron,0.75,0.25,0.23,0.23633537668332305,0.23546065159266083,-0.006335376683323041,-0.00546065159266082,0.19798392446629626,0.2115708202410938,0.03201607553370375,0.018429179758906206,0.20460757795525733,0.19275825767875956,0.02539242204474268,0.037241742321240445,0.22273539205426116,0.2373414659464995,0.007264607945738855,-0.007341465946499481
3,10,C1_CastIron_d0.75_f0.25,Cast Iron,0.75,0.25,0.26,0.33788846492987984,0.3381334755898279,-0.07788846492987983,-0.07813347558982792,0.31059919742907,0.30425043325965506,-0.050599197429069986,-0.04425043325965505,0.3244787818865917,0.30099289595352835,-0.06447878188659167,-0.04099289595352834,0.3036973340252386,0.29759417190179493,-0.043697334025238566,-0.037594171901794926
3,11,C1_CastIron_d0.75_f0.25,Cast Iron,0.75,0.25,0.28,0.29634032923099096,0.29695511870668617,-0.016340329230990935,-0.016955118706686145,0.3548497081706535,0.3053133218764443,-0.07484970817065345,-0.02531332187644425,0.30715635703693145,0.32109448060454027,-0.027156357036931422,-0.04109448060454024,0.34979409339243966,0.38151695299953414,-0.06979409339243964,-0.10151695299953412
3,12,C1_CastIron_d0.75_f0.25,Cast Iron,0.75,0.25,0.33,0.3085450672908099,0.30969311387893944,0.021454932709190133,0.020306886121060574,0.4019351880424674,0.3461109626546623,-0.0719351880424674,-0.016110962654662275,0.3490346525598522,0.3554393886815736,-0.019034652559852205,-0.025439388681573583,0.3838893450841587,0.41907305231420405,-0.05388934508415866,-0.08907305231420404
3,14,C1_CastIron_d0.75_f0.25,Cast Iron,0.75,0.25,0.36,0.32227720741268345,0.32303265981322304,0.037722792587316534,0.03696734018677694,0.4869423847428066,0.4592939462835781,-0.1269423847428066,-0.09929394628357813,0.4275126563510934,0.406837320005178,-0.06751265635109344,-0.04683732000517804,0.4588669490207246,0.4805877161273102,-0.09886694902072463,-0.12058771612731023
3,15,C1_CastIron_d0.75_f0.25,Cast Iron,0.75,0.25,0.44,0.31769122558828355,0.3190507111283207,0.12230877441171645,0.12094928887167933,0.4882852048963182,0.44794707695339436,-0.04828520489631821,-0.00794707695339436,0.4814493329208699,0.47038498206005785,-0.041449332920869886,-0.030384982060057852,0.46670674150938357,0.47488919563067084,-0.02670674150938357,-0.03488919563067083
3,16,C1_CastIron_d0.75_f0.25,Cast Iron,0.75,0.25,0.55,0.7723345749081926,0.7727157877229902,-0.22233457490819253,-0.22271578772299017,0.515818458612715,0.528603754450679,0.03418154138728502,0.02139624554932107,0.5592885122426725,0.5608961488157227,-0.009288512242672464,-0.01089614881572265,0.4584817829933532,0.47646534442591426,0.09151821700664686,0.07353465557408578
4,1,C3_CastIron_d1.50_f0.25,Cast Iron,1.5,0.25,0.08,0.13609723677980473,0.1352913167878064,-0.05609723677980473,-0.0552913167878064,0.14012534670159132,0.142311935992185,-0.06012534670159132,-0.062311935992185,0.16075183041761928,0.16283622435701323,-0.08075183041761928,-0.08283622435701322,0.1470463229881872,0.14976108838704894,-0.0670463229881872,-0.06976108838704893
4,2,C3_CastIron_d1.50_f0.25,Cast Iron,1.5,0.25,0.13,0.16661456647244613,0.16361492648394838,-0.036614566472446125,-0.03361492648394837,0.1066240685198091,0.10647965752312838,0.023375931480190903,0.023520342476871625,0.1181017210017071,0.1131799494265081,0.011898278998292905,0.01682005057349191,0.12551299418988704,0.1194911902832086,0.004487005810112965,0.010508809716791398
4,3,C3_CastIron_d1.50_f0.25,Cast Iron,1.5,0.25,0.2,0.25838179218740753,0.25617025880503164,-0.05838179218740752,-0.056170258805031625,0.3212762461527813,0.3202561931208898,-0.12127624615278126,-0.12025619312088981,0.2739895191870643,0.29306807979312477,-0.07398951918706431,-0.09306807979312476,0.2596088374415383,0.24073199653653946,-0.059608837441538276,-0.040731996536539444
4,4,C3_CastIron_d1.50_f0.25,Cast Iron,1.5,0.25,0.31,0.1816428661396429,0.17718178522236122,0.1283571338603571,0.13281821477763878,0.08271924584298623,0.09119265246518282,0.22728075415701376,0.21880734753481718,0.154317065638136,0.14513366972849007,0.155682934361864,0.16486633027150993,0.15362805286263242,0.14340095817753098,0.15637194713736757,0.166599041822469
4,5,C3_CastIron_d1.50_f0.25,Cast Iron,1.5,0.25,0.35,0.27359411492036373,0.26958933853660344,0.07640588507963625,0.08041066146339654,0.2619971294107067,0.2674962795215166,0.08800287058929329,0.08250372047848337,0.3428843517727792,0.3337084360218634,0.007115648227220772,0.01629156397813658,0.28193456335572004,0.26350516766066256,0.06806543664427994,0.08649483233933741
4,6,C3_CastIron_d1.50_f0.25,Cast Iron,1.5,0.25,0.4,0.3353143981626211,0.33093946856576695,0.06468560183737893,0.06906053143423307,0.3833911381242183,0.4083147957041094,0.0166088618757817,-0.008314795704109368,0.5118074650742063,0.5067568562577006,-0.11180746507420625,-0.1067568562577006,0.47728894766112,0.4483334463936006,-0.07728894766111999,-0.0483334463936006
4,7,C3_CastIron_d1.50_f0.25,Cast Iron,1.5,0.25,0.49,0.3678730549378932,0.3638240120473005,0.1221269450621068,0.12617598795269946,0.4194288217475511,0.4110584585435342,0.07057117825244891,0.07894154145646581,0.49813456754609264,0.4960081404878449,-0.008134567546092653,-0.006008140487844926,0.5041408770460183,0.49799819557871194,-0.014140877046018296,-0.007998195578711953
9,1,C4_CastIron_d1.50_f0.50,Cast Iron,1.5,0.5,0.0,0.17115860242030534,0.1742242767127651,-0.17115860242030534,-0.1742242767127651,0.12711491193212976,0.13181706212084365,-0.12711491193212976,-0.13181706212084365,0.11095265583464194,0.10513484179562138,-0.11095265583464194,-0.10513484179562138,0.11419669606334516,0.10218619593866193,-0.11419669606334516,-0.10218619593866193
9,2,C4_CastIron_d1.50_f0.50,Cast Iron,1.5,0.5,0.1,0.16135996313026937,0.16443195210099426,-0.06135996313026937,-0.06443195210099426,0.1258617628369379,0.13123383007672312,-0.02586176283693789,-0.031233830076723118,0.11905916377114986,0.11399151581604539,-0.019059163771149856,-0.01399151581604538,0.10182914061760726,0.08709285350185485,-0.00182914061760725,0.012907146498145158
9,3,C4_CastIron_d1.50_f0.50,Cast Iron,1.5,0.5,0.14,0.2939673855439091,0.2992700256654498,-0.1539673855439091,-0.1592700256654498,0.20882611929473113,0.21270968813622979,-0.06882611929473112,-0.07270968813622977,0.19831601633171583,0.21862335416931686,-0.05831601633171582,-0.07862335416931684,0.15377619725076005,0.16421897288863432,-0.013776197250760042,-0.02421897288863431
9,4,C4_CastIron_d1.50_f0.50,Cast Iron,1.5,0.5,0.19,0.3671988599245162,0.3724879564064546,-0.17719885992451617,-0.1824879564064546,0.2692454592774287,0.26467733867871346,-0.07924545927742871,-0.07467733867871346,0.25817637628161316,0.2619542262094631,-0.06817637628161316,-0.07195422620946312,0.23516467694795098,0.26473914757740186,-0.04516467694795098,-0.07473914757740185
9,5,C4_CastIron_d1.50_f0.50,Cast Iron,1.5,0.5,0.27,0.4353581479223312,0.43841805983889315,-0.16535814792233117,-0.16841805983889313,0.5297006260169775,0.5445594018625594,-0.2597006260169775,-0.27455940186255934,0.4643823780361386,0.46423707421359933,-0.19438237803613856,-0.19423707421359931,0.45111837197298416,0.43352230901593997,-0.18111837197298414,-0.16352230901593995
9,6,C4_CastIron_d1.50_f0.50,Cast Iron,1.5,0.5,0.38,0.5507418756390501,0.5501862240839013,-0.17074187563905008,-0.17018622408390127,0.5883877713582355,0.6709887789823747,-0.2083877713582355,-0.29098877898237474,0.5906058445890415,0.6073669999451232,-0.21060584458904152,-0.22736699994512322,0.644840922461041,0.6216248135465016,-0.26484092246104096,-0.24162481354650156
9,7,C4_CastIron_d1.50_f0.50,Cast Iron,1.5,0.5,0.47,0.6097803957946345,0.6056325953732821,-0.13978039579463453,-0.1356325953732821,0.5555259419790389,0.6084236494158681,-0.08552594197903896,-0.13842364941586816,0.5621758006623798,0.5786218045033101,-0.09217580066237985,-0.10862180450331016,0.6009994258792599,0.6134367616623536,-0.13099942587925995,-0.14343676166235364
9,8,C4_CastIron_d1.50_f0.50,Cast Iron,1.5,0.5,0.64,0.6148356944791542,0.6064026693068922,0.02516430552084581,0.033597330693107774,0.45678934885339556,0.4395866966501937,0.18321065114660445,0.20041330334980634,0.5856531965997759,0.603577172468678,0.05434680340022413,0.03642282753132198,0.6065214844094642,0.5940689594717155,0.03347851559053583,0.04593104052828456
9,9,C4_CastIron_d1.50_f0.50,Cast Iron,1.5,0.5,0.81,0.661119915681653,0.6476316810651208,0.1488800843183471,0.16236831893487924,0.44803998411386703,0.442921815714167,0.361960015886133,0.36707818428583305,0.5808508589374382,0.5911062633777691,0.2291491410625619,0.218893736622231,0.6169459554892333,0.6044355554104202,0.1930540445107668,0.2055644445895799
10,1,C3_CastIron_d1.50_f0.25,Cast Iron,1.5,0.25,0.0,0.10664221718816772,0.10636572710025718,-0.10664221718816772,-0.10636572710025718,0.09297185220679283,0.09252109398873887,-0.09297185220679283,-0.09252109398873887,0.08652060611506272,0.08835746261803687,-0.08652060611506272,-0.08835746261803687,0.050795206025397555,0.07424739288235925,-0.050795206025397555,-0.07424739288235925
10,2,C3_CastIron_d1.50_f0.25,Cast Iron,1.5,0.25,0.04,0.1435777032078263,0.1433707519031595,-0.1035777032078263,-0.1033707519031595,0.09858477778442704,0.09977254957242243,-0.058584777784427035,-0.05977254957242243,0.20176625634463108,0.19588493959614095,-0.16176625634463107,-0.15588493959614094,0.163724142138111,0.17385206456769173,-0.123724142138111,-0.13385206456769172
10,3,C3_CastIron_d1.50_f0.25,Cast Iron,1.5,0.25,0.08,0.16934250497672307,0.16872628559131814,-0.08934250497672307,-0.08872628559131814,0.09020555529364749,0.08779571437493422,-0.010205555293647486,-0.007795714374934218,0.0811011320756862,0.09052718283864872,-0.001101132075686198,-0.010527182838648716,0.09345164084406397,0.1054031858431169,-0.013451640844063972,-0.025403185843116904
10,4,C3_CastIron_d1.50_f0.25,Cast Iron,1.5,0.25,0.16,0.17910850258121488,0.1782460292745796,-0.01910850258121488,-0.018246029274579606,0.05395081531076762,0.0497637551085911,0.10604918468923238,0.1102362448914089,0.1427396449290627,0.15150866008057787,0.017260355070937317,0.008491339919422136,0.09271886290816037,0.07872704104576231,0.06728113709183964,0.0812729589542377
10,5,C3_CastIron_d1.50_f0.25,Cast Iron,1.5,0.25,0.25,0.26175632183262526,0.26089751820464757,-0.01175632183262526,-0.010897518204647572,0.11278882266946288,0.1136849198205559,0.13721117733053712,0.1363150801794441,0.33041744588186134,0.339079452007544,-0.08041744588186134,-0.08907945200754402,0.30941823900324095,0.3058213719630284,-0.05941823900324095,-0.05582137196302839
10,6,C3_CastIron_d1.50_f0.25,Cast Iron,1.5,0.25,0.36,0.3499915782562434,0.3492583172095022,0.010008421743756601,0.010741682790497808,0.33136523036647386,0.3348817192675964,0.028634769633526125,0.025118280732403575,0.41379172694665584,0.4130629520258995,-0.05379172694665585,-0.0530629520258995,0.3557321244700039,0.3572263006851086,0.004267875529996079,0.002773699314891409
10,7,C3_CastIron_d1.50_f0.25,Cast Iron,1.5,0.25,0.43,0.3373700390229382,0.3365570709782566,0.09262996097706178,0.09344292902174339,0.18778737423854036,0.1791443631118103,0.24221262576145963,0.2508556368881897,0.44000747954795894,0.441983586768625,-0.010007479547958942,-0.011983586768624988,0.38411575104437096,0.4075735764285583,0.04588424895562904,0.0224264235714417
10,8,C3_CastIron_d1.50_f0.25,Cast Iron,1.5,0.25,0.47,0.45707257893875775,0.4566586597050794,0.012927421061242228,0.013341340294920567,0.4605248955968114,0.4337647754335694,0.00947510440318855,0.03623522456643058,0.5665519233875199,0.5685362579036773,-0.09655192338751994,-0.09853625790367737,0.5785647399605595,0.5747334388057443,-0.10856473996055949,-0.10473343880574437
10,9,C3_CastIron_d1.50_f0.25,Cast Iron,1.5,0.25,0.53,0.5498115841100513,0.549793087972723,-0.01981158411005124,-0.019793087972722945,0.5830469760196144,0.5403420089318146,-0.05304697601961439,-0.010342008931814584,0.6056319796708309,0.6023433468819622,-0.0756319796708309,-0.0723433468819622,0.6065866210045364,0.615059475660319,-0.07658662100453639,-0.08505947566031902
10,10,C3_CastIron_d1.50_f0.25,Cast Iron,1.5,0.25,0.7,0.6994631249726648,0.6998365332432461,0.0005368750273351264,0.00016346675675382727,0.5982089438472667,0.6115268085627598,0.1017910561527332,0.0884731914372402,0.6284676761268517,0.6229804719094115,0.07153232387314823,0.07701952809058843,0.6604283177458325,0.6415818711651624,0.039571682254167406,0.058418128834837546
11,1,C1_CastIron_d0.75_f0.25,Cast Iron,0.75,0.25,0.0,-0.0184299159488453,-0.015124107537339726,0.0184299159488453,0.015124107537339726,0.09759760517191474,0.09684752721046314,-0.09759760517191474,-0.09684752721046314,0.07340903120526047,0.07420536752706644,-0.07340903120526047,-0.07420536752706644,0.03488208893935155,0.044456005717594796,-0.03488208893935155,-0.044456005717594796
11,2,C1_CastIron_d0.75_f0.25,Cast Iron,0.75,0.25,0.04,0.007204939995862802,0.010629373713757329,0.0327950600041372,0.029370626286242672,0.09169801994950738,0.09160717809673785,-0.05169801994950738,-0.05160717809673785,0.10325746311427608,0.10107058539522093,-0.06325746311427607,-0.06107058539522093,0.0793674809602507,0.08293789590763623,-0.0393674809602507,-0.04293789590763623
11,3,C1_CastIron_d0.75_f0.25,Cast Iron,0.75,0.25,0.07,0.009724407894228737,0.01248985284201315,0.06027559210577127,0.05751014715798686,0.09169377379560772,0.09159942474799793,-0.021693773795607718,-0.02159942474799792,0.07889370319993244,0.07819630936300824,-0.008893703199932435,-0.008196309363008233,0.032530703998347926,0.05419096465310594,0.03746929600165208,0.015809035346894068
11,4,C1_CastIron_d0.75_f0.25,Cast Iron,0.75,0.25,0.07,0.05339491372579197,0.05553136071140741,0.016605086274208036,0.0144686392885926,0.08877500227018209,0.0879553006526565,-0.018775002270182084,-0.017955300652656492,0.1083898335216465,0.10875730256693811,-0.03838983352164649,-0.0387573025669381,0.10730614507537783,0.10324109909695656,-0.03730614507537783,-0.03324109909695655
11,5,C1_CastIron_d0.75_f0.25,Cast Iron,0.75,0.25,0.08,0.10722959389596945,0.10968958612616889,-0.027229593895969448,-0.029689586126168885,0.11848467977983007,0.11719969719637857,-0.03848467977983007,-0.03719969719637857,0.13918671428370596,0.13799465997567392,-0.05918671428370596,-0.05799465997567392,0.14174347571627888,0.1633585928197603,-0.061743475716278876,-0.08335859281976031
11,6,C1_CastIron_d0.75_f0.25,Cast Iron,0.75,0.25,0.09,0.1117260749405321,0.11366887340778598,-0.02172607494053211,-0.02366887340778598,0.11443576591291038,0.11091260084104093,-0.024435765912910384,-0.020912600841040935,0.12073809763498414,0.1226907004354095,-0.03073809763498414,-0.0326907004354095,0.13609168333888827,0.12887910695208885,-0.04609168333888827,-0.03887910695208885
11,8,C1_CastIron_d0.75_f0.25,Cast Iron,0.75,0.25,0.12,0.1015276337941913,0.10243999990292463,0.018472366205808693,0.017560000097075368,0.10127958738169168,0.10528933240948085,0.018720412618308313,0.014710667590519144,0.14094140946333472,0.13844521783063904,-0.020941409463334726,-0.018445217830639044,0.1528475469094028,0.1566327603833892,-0.03284754690940281,-0.036632760383389196
11,9,C1_CastIron_d0.75_f0.25,Cast Iron,0.75,0.25,0.16,0.11341503749450191,0.11487162587618507,0.046584962505498095,0.04512837412381493,0.14245838051572757,0.15874119962571392,0.017541619484272436,0.0012588003742860787,0.17861659533915272,0.15901631019086448,-0.01861659533915272,0.0009836898091355184,0.19699130754098654,0.20628715117039198,-0.036991307540986534,-0.04628715117039198
11,10,C1_CastIron_d0.75_f0.25,Cast Iron,0.75,0.25,0.18,0.14280455909477863,0.14392406369315572,0.037195440905221366,0.036075936306844275,0.1686561369340473,0.1808202280806599,0.011343863065952697,-0.0008202280806599016,0.19755679379830704,0.18198337353951516,-0.017556793798307047,-0.0019833735395151653,0.2172223199185704,0.22103005992324126,-0.03722231991857042,-0.04103005992324127
11,11,C1_CastIron_d0.75_f0.25,Cast Iron,0.75,0.25,0.2,0.16208965852585513,0.16337616812038416,0.037910341474144876,0.03662383187961585,0.12393204031631394,0.1559579306007478,0.07606795968368607,0.044042069399252204,0.16977139701116492,0.16985906110317883,0.03022860298883509,0.03014093889682118,0.16410712306750067,0.18472869393757824,0.035892876932499346,0.015271306062421774
11,12,C1_CastIron_d0.75_f0.25,Cast Iron,0.75,0.25,0.23,0.10765538617463874,0.1089374448958948,0.12234461382536127,0.12106255510410521,0.15476202073229767,0.18019138355216224,0.07523797926770234,0.04980861644783777,0.16858534200064393,0.17014804938270117,0.06141465799935608,0.05985195061729884,0.15467081403266258,0.14096843066609765,0.07532918596733743,0.08903156933390236
11,13,C1_CastIron_d0.75_f0.25,Cast Iron,0.75,0.25,0.26,0.20924452774658572,0.20944834770820317,0.050755472253414285,0.05055165229179684,0.1668654401096727,0.17566822797335999,0.09313455989032732,0.08433177202664002,0.18606751578274422,0.18578356732064571,0.07393248421725579,0.0742164326793543,0.19116328988711637,0.19243758183725532,0.06883671011288364,0.06756241816274469
11,15,C1_CastIron_d0.75_f0.25,Cast Iron,0.75,0.25,0.31,0.18428111293770277,0.1845913708980063,0.12571888706229722,0.12540862910199368,0.08273195615502826,0.12327958318792548,0.22726804384497173,0.18672041681207452,0.18858494173662593,0.19127400914754322,0.12141505826337406,0.11872599085245678,0.2029023528864221,0.19510172853174765,0.10709764711357789,0.11489827146825235
11,16,C1_CastIron_d0.75_f0.25,Cast Iron,0.75,0.25,0.37,0.14382690839864698,0.14440708309595796,0.22617309160135302,0.22559291690404204,0.11877705134601901,0.14788643326028722,0.251222948653981,0.22211356673971278,0.18166146239169084,0.17958743817201644,0.18833853760830915,0.19041256182798355,0.16725882327428854,0.15512340730955027,0.20274117672571146,0.21487659269044973
11,18,C1_CastIron_d0.75_f0.25,Cast Iron,0.75,0.25,0.42,0.25885321876668027,0.25844536841016436,0.1611467812333197,0.16155463158983563,0.13577414718454628,0.1476198651622445,0.2842258528154537,0.27238013483775547,0.28415797475283083,0.29460925390171544,0.13584202524716915,0.12539074609828454,0.2875479738567465,0.3021820946218077,0.13245202614325347,0.11781790537819231
11,19,C1_CastIron_d0.75_f0.25,Cast Iron,0.75,0.25,0.47,0.3937478682142215,0.39269576104314546,0.0762521317857785,0.07730423895685451,0.49501113043807077,0.43192674354172694,-0.025011130438070794,0.03807325645827303,0.3415960431433743,0.3381343885430016,0.1284039568566257,0.13186561145699838,0.35129482795751776,0.36150153787309725,0.11870517204248221,0.10849846212690273
11,20,C1_CastIron_d0.75_f0.25,Cast Iron,0.75,0.25,0.57,0.5096749387230851,0.5092627216579706,0.06032506127691484,0.060737278342029355,0.4496746863794926,0.34625458007786225,0.12032531362050736,0.2237454199221377,0.3772514838663524,0.38105356642751104,0.19274851613364757,0.18894643357248891,0.40387932023923734,0.4127038764681026,0.1661206797607626,0.15729612353189737
11,21,C1_CastIron_d0.75_f0.25,Cast Iron,0.75,0.25,0.65,0.28573634097224926,0.2844635999759609,0.36426365902775076,0.36553640002403914,0.25585105949513054,0.25455738437471,0.3941489405048695,0.39544261562529004,0.34478278029120374,0.3479995611958146,0.3052172197087963,0.3020004388041854,0.3211299203749417,0.31612926943981623,0.3288700796250583,0.3338707305601838
11,22,C1_CastIron_d0.75_f0.25,Cast Iron,0.75,0.25,0.68,0.43429756271084435,0.4333917314926826,0.2457024372891557,0.24660826850731743,0.48582034621112047,0.4956669234702278,0.19417965378887958,0.18433307652977227,0.4830074599983464,0.48745554901974836,0.19699254000165367,0.1925444509802517,0.4867985935398492,0.49277443436696095,0.19320140646015083,0.1872255656330391
11,23,C1_CastIron_d0.75_f0.25,Cast Iron,0.75,0.25,0.76,0.6574245778138416,0.6579400170005988,0.10257542218615845,0.10205998299940122,0.4165888024379276,0.3898694160216931,0.3434111975620724,0.3701305839783069,0.400325448396446,0.40311850498357865,0.359674551603554,0.35688149501642136,0.4411236128086202,0.4556982233752128,0.3188763871913798,0.3043017766247872
12,2,C2_CastIron_d0.75_f0.50,Cast Iron,0.75,0.5,0.05,0.013123271634437439,0.016012396998433265,0.036876728365562564,0.03398760300156674,0.09431782191865573,0.1028149833083502,-0.04431782191865573,-0.0528149833083502,0.15330674590830312,0.15003904877973764,-0.10330674590830312,-0.10003904877973764,0.14555125542414224,0.14727000387295192,-0.09555125542414224,-0.09727000387295191
12,3,C2_CastIron_d0.75_f0.50,Cast Iron,0.75,0.5,0.08,0.039241813133805425,0.040864247732172565,0.040758186866194576,0.03913575226782744,0.09089861232731772,0.10772718989250724,-0.010898612327317717,-0.027727189892507234,0.15518979661755236,0.15232867854811735,-0.07518979661755236,-0.07232867854811735,0.15268281662998517,0.1560729189130332,-0.07268281662998517,-0.07607291891303321
12,5,C2_CastIron_d0.75_f0.50,Cast Iron,0.75,0.5,0.12,0.18621414961879035,0.18644409540210163,-0.06621414961879035,-0.06644409540210164,0.24419257835450411,0.2543981175194602,-0.12419257835450412,-0.13439811751946018,0.2731207719123413,0.26661677389646826,-0.1531207719123413,-0.14661677389646827,0.2471044674502746,0.24765549299718806,-0.1271044674502746,-0.12765549299718806
12,6,C2_CastIron_d0.75_f0.50,Cast Iron,0.75,0.5,0.17,0.22337044796841024,0.22311724400530702,-0.05337044796841023,-0.05311724400530701,0.3003538570039562,0.2981077231779483,-0.13035385700395621,-0.1281077231779483,0.29158327462950184,0.2817151930671668,-0.12158327462950183,-0.11171519306716679,0.2983514956520321,0.30765536633982105,-0.1283514956520321,-0.13765536633982103
12,7,C2_CastIron_d0.75_f0.50,Cast Iron,0.75,0.5,0.2,0.21066973349314574,0.20983481790155123,-0.010669733493145733,-0.009834817901551218,0.2950977591676104,0.32025613214653437,-0.09509775916761037,-0.12025613214653436,0.31727613128374516,0.3149305044199193,-0.11727613128374514,-0.11493050441991931,0.2673761933126503,0.2816853540422492,-0.06737619331265027,-0.08168535404224919
12,8,C2_CastIron_d0.75_f0.50,Cast Iron,0.75,0.5,0.24,0.26536128016720284,0.26427457293347745,-0.02536128016720285,-0.024274572933477456,0.36503800470691283,0.37448143639326714,-0.12503800470691284,-0.13448143639326715,0.4062564395879747,0.40882290212238476,-0.1662564395879747,-0.16882290212238477,0.375875173354122,0.3724915474443722,-0.13587517335412203,-0.1324915474443722
12,9,C2_CastIron_d0.75_f0.50,Cast Iron,0.75,0.5,0.32,0.3799304815873361,0.3786440317804237,-0.059930481587336104,-0.05864403178042371,0.4205916265777286,0.4310379767903638,-0.10059162657772858,-0.11103797679036381,0.49471013795689134,0.4880052497659908,-0.17471013795689133,-0.1680052497659908,0.4823053726750038,0.4677499212601454,-0.16230537267500378,-0.1477499212601454
12,11,C2_CastIron_d0.75_f0.50,Cast Iron,0.75,0.5,0.4,0.41310302260920795,0.4117975297514147,-0.013103022609207926,-0.011797529751414682,0.4015821250801626,0.41026013712678555,-0.0015821250801625886,-0.010260137126785529,0.4693097508614423,0.46508206418961046,-0.06930975086144225,-0.06508206418961043,0.525341298667113,0.5223571309633237,-0.12534129866711297,-0.12235713096332368
12,12,C2_CastIron_d0.75_f0.50,Cast Iron,0.75,0.5,0.45,0.38276754521760853,0.3814121147442352,0.06723245478239148,0.06858788525576481,0.46058133328068246,0.46754538703895077,-0.010581333280682448,-0.017545387038950755,0.45268438273560896,0.46027667403401695,-0.002684382735608948,-0.010276674034016942,0.473954341891404,0.46162797292032864,-0.023954341891403996,-0.011627972920328633
12,13,C2_CastIron_d0.75_f0.50,Cast Iron,0.75,0.5,0.49,0.8162486452614116,0.8160451357233787,-0.3262486452614116,-0.3260451357233787,0.5552212607820521,0.5576737619808139,-0.06522126078205215,-0.06767376198081387,0.5510586970138265,0.5527546611356453,-0.06105869701382649,-0.06275466113564532,0.5237552888133525,0.523530743558893,-0.033755288813352546,-0.03353074355889296
12,14,C2_CastIron_d0.75_f0.50,Cast Iron,0.75,0.5,0.58,0.3979049291684585,0.3962027992848583,0.18209507083154147,0.18379720071514166,0.38222636912307983,0.3641608327337539,0.19777363087692013,0.21583916726624608,0.4061003913560004,0.4012307355727384,0.17389960864399956,0.17876926442726154,0.352210738398601,0.35232574169009234,0.22778926160139895,0.22767425830990762
12,15,C2_CastIron_d0.75_f0.50,Cast Iron,0.75,0.5,0.65,0.4733490032883245,0.4722432434813757,0.1766509967116755,0.17775675651862433,0.47969579370827875,0.46173054624431664,0.17030420629172127,0.18826945375568338,0.4749433503728181,0.4802220398064307,0.17505664962718193,0.16977796019356933,0.4777869729465328,0.4735416753873141,0.17221302705346725,0.1764583246126859
5,1,C8_Stainless_d1.50_f0.50,Stainless Steel J45,1.5,0.5,0.0,0.28563756868772694,0.28496802159452,-0.28563756868772694,-0.28496802159452,0.20759409798328085,0.18974008792031466,-0.20759409798328085,-0.18974008792031466,0.21034545487139136,0.20428341122059773,-0.21034545487139136,-0.20428341122059773,0.14760230605817887,0.1592218135424137,-0.14760230605817887,-0.1592218135424137
5,2,C8_Stainless_d1.50_f0.50,Stainless Steel J45,1.5,0.5,0.16,0.4073876233413394,0.4069355024669652,-0.24738762334133937,-0.2469355024669652,0.4129985020344588,0.4037709782261756,-0.25299850203445884,-0.24377097822617558,0.493008280021436,0.49785896204667884,-0.333008280021436,-0.33785896204667887,0.5514499505506076,0.4890796001420623,-0.3914499505506076,-0.3290796001420623
5,3,C8_Stainless_d1.50_f0.50,Stainless Steel J45,1.5,0.5,0.29,0.4496351655767243,0.4491798881674309,-0.1596351655767243,-0.1591798881674309,0.657789641988403,0.6606586045091378,-0.36778964198840297,-0.37065860450913785,0.5482029971753116,0.5450770906940317,-0.25820299717531164,-0.25507709069403167,0.5313170182252517,0.5729761363463454,-0.2413170182252517,-0.2829761363463454
5,4,C8_Stainless_d1.50_f0.50,Stainless Steel J45,1.5,0.5,0.44,0.5881820830299102,0.5890071916180676,-0.14818208302991015,-0.14900719161806758,0.5728749293174228,0.5775548897546998,-0.13287492931742279,-0.13755488975469982,0.4627466980158524,0.4663057012838263,-0.022746698015852385,-0.02630570128382631,0.46427388912921624,0.48559826091697617,-0.024273889129216242,-0.04559826091697616
5,5,C8_Stainless_d1.50_f0.50,Stainless Steel J45,1.5,0.5,0.53,0.6681078189325177,0.6698146140506829,-0.13810781893251767,-0.13981461405068285,0.6027190476937634,0.6110064092447021,-0.07271904769376336,-0.08100640924470204,0.48299322358319224,0.48637722685116613,0.04700677641680778,0.04362277314883389,0.5175807305824811,0.5371673036059517,0.012419269417518919,-0.007167303605951636
5,6,C8_Stainless_d1.50_f0.50,Stainless Steel J45,1.5,0.5,0.74,0.8131752108159815,0.8169439567532027,-0.07317521081598155,-0.07694395675320276,0.6226213685814284,0.6340033768683209,0.11737863141857163,0.10599662313167912,0.4368346178872312,0.4445834939376514,0.3031653821127688,0.2954165060623486,0.4510704557253783,0.4778854667760426,0.2889295442746217,0.2621145332239574
6,1,C7_Stainless_d1.50_f0.25,Stainless Steel J45,1.5,0.25,0.0,0.35260305996894653,0.3525162787809712,-0.35260305996894653,-0.3525162787809712,0.2959397173595917,0.28942198097779603,-0.2959397173595917,-0.28942198097779603,0.11917841030095568,0.12401509705646596,-0.11917841030095568,-0.12401509705646596,0.16642995666486443,0.1500716528935879,-0.16642995666486443,-0.1500716528935879
7,1,C5_Stainless_d0.75_f0.25,Stainless Steel J45,0.75,0.25,0.0,-0.006007705308346045,-0.004159367012461779,0.006007705308346045,0.004159367012461779,0.1106698385615082,0.10713227996472063,-0.1106698385615082,-0.10713227996472063,0.051190470283989285,0.05607186869288264,-0.051190470283989285,-0.05607186869288264,0.04501920748562029,0.0345496067898342,-0.04501920748562029,-0.0345496067898342
7,2,C5_Stainless_d0.75_f0.25,Stainless Steel J45,0.75,0.25,0.09,0.04020376662340314,0.04145381955940186,0.04979623337659686,0.048546180440598136,0.08918232668347109,0.08471006286281002,0.0008176733165289052,0.005289937137189976,0.05649692673588456,0.06095012965605611,0.03350307326411544,0.029049870343943886,0.04312334234088999,0.04987172455226221,0.046876657659110005,0.04012827544773779
7,3,C5_Stainless_d0.75_f0.25,Stainless Steel J45,0.75,0.25,0.13,0.13231938892777836,0.13338497189269838,-0.0023193889277783597,-0.003384971892698374,0.07459813674284171,0.06990949755732712,0.05540186325715829,0.06009050244267289,0.11739042192408305,0.11819096238603462,0.01260957807591695,0.011809037613965387,0.09868413924020106,0.09155039282634135,0.03131586075979895,0.038449607173658654
7,4,C5_Stainless_d0.75_f0.25,Stainless Steel J45,0.75,0.25,0.22,0.38810243748449896,0.38906146883593323,-0.16810243748449896,-0.16906146883593323,0.31755950381701403,0.2989371179191434,-0.09755950381701403,-0.0789371179191434,0.18006602720379036,0.17752806322332634,0.03993397279620964,0.04247193677667366,0.20318477314862712,0.1938566858146598,0.016815226851372878,0.02614331418534019
7,5,C5_Stainless_d0.75_f0.25,Stainless Steel J45,0.75,0.25,0.24,0.18448866522710067,0.1846260887458709,0.05551133477289932,0.055373911254129105,0.12558241091386546,0.10416253947377119,0.11441758908613453,0.1358374605262288,0.15201345688135195,0.1468814567390328,0.08798654311864804,0.09311854326096719,0.13316801152619293,0.13953933934571255,0.10683198847380707,0.10046066065428744
7,6,C5_Stainless_d0.75_f0.25,Stainless Steel J45,0.75,0.25,0.34,0.2123337325119712,0.21204944184414976,0.1276662674880288,0.12795055815585027,0.11652883131325709,0.10834089232529442,0.22347116868674294,0.2316591076747056,0.10848643092774346,0.10718204520602788,0.23151356907225656,0.23281795479397216,0.10875710846138012,0.11460312598004994,0.2312428915386199,0.22539687401995007
7,7,C5_Stainless_d0.75_f0.25,Stainless Steel J45,0.75,0.25,0.46,0.37929138588458683,0.379411446962856,0.08070861411541319,0.08058855303714402,0.3435792829306971,0.34796784947776566,0.1164207170693029,0.11203215052223436,0.2582105025530025,0.25988730991230996,0.20178949744699753,0.20011269008769006,0.2509613287745025,0.25737501908413823,0.20903867122549752,0.20262498091586179
8,1,C6_Stainless_d0.75_f0.50,Stainless Steel J45,0.75,0.5,0.0,0.10151656278641635,0.10103030829506215,-0.10151656278641635,-0.10103030829506215,0.10770991234487115,0.09786602961675256,-0.10770991234487115,-0.09786602961675256,0.07190636182115115,0.07280435734173778,-0.07190636182115115,-0.07280435734173778,0.05363427310672582,0.06226231656141074,-0.05363427310672582,-0.06226231656141074
8,2,C6_Stainless_d0.75_f0.50,Stainless Steel J45,0.75,0.5,0.18,0.3885103076318269,0.38881133817159963,-0.20851030763182693,-0.20881133817159964,0.371520718515704,0.3087763557229615,-0.191520718515704,-0.12877635572296153,0.28574559444674114,0.2710550257376725,-0.10574559444674114,-0.09105502573767249,0.30687451625144774,0.3108101772598506,-0.12687451625144774,-0.1308101772598506
8,3,C6_Stainless_d0.75_f0.50,Stainless Steel J45,0.75,0.5,0.3,0.3584069296289823,0.3570304080157508,-0.05840692962898231,-0.05703040801575082,0.25249517314495684,0.23914432520141912,0.04750482685504315,0.06085567479858087,0.16345600484831574,0.17697803597874348,0.13654399515168425,0.12302196402125651,0.14519799358255167,0.14956344525816184,0.15480200641744832,0.15043655474183815
8,5,C6_Stainless_d0.75_f0.50,Stainless Steel J45,0.75,0.5,0.44,0.3584351801413815,0.3569529127752785,0.08156481985861852,0.08304708722472148,0.43426191341583753,0.3962280083721851,0.005738086584162472,0.04377199162781492,0.350824448079816,0.35267443764830453,0.089175551920184,0.08732556235169547,0.25261987424876775,0.2908920838181049,0.18738012575123225,0.14910791618189512
8,6,C6_Stainless_d0.75_f0.50,Stainless Steel J45,0.75,0.5,0.62,0.3458703945101333,0.34356102520532605,0.2741296054898667,0.27643897479467394,0.31190302207904264,0.3022397336137136,0.30809697792095736,0.3177602663862864,0.38828776239767476,0.4018853517119553,0.23171223760232523,0.21811464828804472,0.28757539193689274,0.3077019295240614,0.33242460806310725,0.3122980704759386
13,3,C5_Stainless_d0.75_f0.25,Stainless Steel J45,0.75,0.25,0.1,0.2853633843935104,0.3047794501280985,-0.18536338439351038,-0.20477945012809848,0.3943592398562614,0.3978050612062423,-0.29435923985626145,-0.2978050612062423,0.23326767987731217,0.22302288974913967,-0.13326767987731217,-0.12302288974913966,0.3148441455275939,0.28780434921865283,-0.21484414552759387,-0.18780434921865283
13,4,C5_Stainless_d0.75_f0.25,Stainless Steel J45,0.75,0.25,0.13,0.1745783390748779,0.18375361230369833,-0.044578339074877904,-0.05375361230369832,0.17924010131821,0.16329609109910886,-0.049240101318209994,-0.03329609109910886,0.18911747798370176,0.18766448516554643,-0.05911747798370176,-0.057664485165546425,0.20067849054635944,0.1981395082299922,-0.07067849054635944,-0.06813950822999221
13,5,C5_Stainless_d0.75_f0.25,Stainless Steel J45,0.75,0.25,0.17,0.12144646018944233,0.1236815755105582,0.04855353981055768,0.04631842448944182,0.10530115617080643,0.10077356967227408,0.06469884382919358,0.06922643032772594,0.0902506695015182,0.08963842424677296,0.07974933049848182,0.08036157575322705,0.11302473103101825,0.114380392559064,0.056975268968981765,0.05561960744093601
13,6,C5_Stainless_d0.75_f0.25,Stainless Steel J45,0.75,0.25,0.32,0.3271674487856664,0.33043150057474474,-0.007167448785666386,-0.010431500574744734,0.29999683315167774,0.3002650192733641,0.020003166848322262,0.01973498072663593,0.24564691780165426,0.2368359622599479,0.07435308219834574,0.0831640377400521,0.30007444450578685,0.2951917833003689,0.019925555494213154,0.024808216699631125
13,7,C5_Stainless_d0.75_f0.25,Stainless Steel J45,0.75,0.25,0.38,0.19309141067471897,0.18740771522975994,0.18690858932528104,0.19259228477024007,0.19239943862758488,0.16833985014433256,0.18760056137241513,0.21166014985566745,0.24669517030077773,0.2734545058998193,0.13330482969922228,0.10654549410018072,0.2566750498681104,0.2839898666016102,0.1233249501318896,0.09601013339838982
13,8,C5_Stainless_d0.75_f0.25,Stainless Steel J45,0.75,0.25,0.49,0.3237375639321096,0.3213788884987935,0.16626243606789037,0.1686211115012065,0.28083882328627324,0.2645129857459546,0.20916117671372675,0.22548701425404538,0.26982319260698906,0.2854334234953817,0.22017680739301093,0.2045665765046183,0.2554455453230125,0.26857860164129743,0.2345544546769875,0.22142139835870256
13,9,C5_Stainless_d0.75_f0.25,Stainless Steel J45,0.75,0.25,0.56,0.30036677614151674,0.2956015557772196,0.2596332238584833,0.26439844422278047,0.26097160677340625,0.24379872117290788,0.2990283932265938,0.31620127882709215,0.257795122621419,0.2687749250493832,0.30220487737858104,0.29122507495061684,0.25503021568959827,0.2587640699561079,0.3049697843104018,0.30123593004389215
13,10,C5_Stainless_d0.75_f0.25,Stainless Steel J45,0.75,0.25,0.68,0.3457683639508001,0.33865350015203055,0.3342316360492,0.3413464998479695,0.2733523233824011,0.2774957477885296,0.40664767661759893,0.40250425221147046,0.3088664495883124,0.3225797317314359,0.37113355041168766,0.35742026826856416,0.3016742574253472,0.3061768228170421,0.37832574257465285,0.37382317718295793
13,11,C5_Stainless_d0.75_f0.25,Stainless Steel J45,0.75,0.25,0.83,0.34034277107875543,0.3308345624527254,0.4896572289212445,0.49916543754727455,0.3927783093465838,0.3880465699279364,0.43722169065341615,0.44195343007206356,0.3289165515739488,0.3428275967297734,0.5010834484260511,0.48717240327022654,0.29756251304221015,0.2948653410541805,0.5324374869577898,0.5351346589458195
13,12,C5_Stainless_d0.75_f0.25,Stainless Steel J45,0.75,0.25,0.92,0.4001380872102263,0.39208412055256525,0.5198619127897737,0.5279158794474348,0.558849131228028,0.5473428122087531,0.361150868771972,0.3726571877912469,0.4240492107160296,0.4288086208891897,0.49595078928397046,0.49119137911081034,0.49633822132236843,0.5068883090498724,0.4236617786776316,0.4131116909501277
13,13,C5_Stainless_d0.75_f0.25,Stainless Steel J45,0.75,0.25,1.07,0.44345672925233726,0.43779705688699777,0.6265432707476628,0.6322029431130023,0.5701245664746105,0.5704090298030499,0.49987543352538955,0.4995909701969502,0.39587078535956605,0.39353710029463096,0.6741292146404341,0.6764628997053691,0.47471239317029884,0.46977842303805,0.5952876068297013,0.6002215769619501
13,14,C5_Stainless_d0.75_f0.25,Stainless Steel J45,0.75,0.25,1.3,0.3994972589670653,0.3969885812048323,0.9005027410329347,0.9030114187951677,0.43639211619018514,0.48289235211555803,0.8636078838098149,0.817107647884442,0.3180012510085566,0.32249982099249425,0.9819987489914435,0.9775001790075057,0.3279948833398014,0.34904852538212516,0.9720051166601986,0.9509514746178749
13,15,C5_Stainless_d0.75_f0.25,Stainless Steel J45,0.75,0.25,1.53,0.5901562699859537,0.595379877492247,0.9398437300140463,0.9346201225077531,0.3943326879085561,0.40853791883624,1.135667312091444,1.12146208116376,0.5186975650821778,0.5113264640343922,1.0113024349178223,1.0186735359656078,0.7765555981997734,0.7988792673498217,0.7534444018002266,0.7311207326501783
14,2,C6_Stainless_d0.75_f0.50,Stainless Steel J45,0.75,0.5,0.09,0.3120938852122468,0.3131101314382581,-0.2220938852122468,-0.2231101314382581,0.427114614690838,0.3644873229876607,-0.33711461469083803,-0.27448732298766065,0.3188357005207192,0.30922483799563255,-0.2288357005207192,-0.21922483799563255,0.31929072397721137,0.31215501100274134,-0.22929072397721137,-0.22215501100274135
14,3,C6_Stainless_d0.75_f0.50,Stainless Steel J45,0.75,0.5,0.17,0.33377562827742985,0.33531580990192006,-0.16377562827742984,-0.16531580990192005,0.37270954665237904,0.36658903634607454,-0.20270954665237903,-0.19658903634607452,0.3455696527588051,0.33760169316412136,-0.17556965275880507,-0.16760169316412135,0.319079289550289,0.31366683184039257,-0.149079289550289,-0.14366683184039256
14,4,C6_Stainless_d0.75_f0.50,Stainless Steel J45,0.75,0.5,0.24,0.3505726257909448,0.35234155177970927,-0.11057262579094479,-0.11234155177970928,0.41092546757779413,0.39500874801432223,-0.17092546757779414,-0.15500874801432224,0.37604002203377973,0.38272628496121336,-0.13604002203377974,-0.14272628496121337,0.32813526439065716,0.34393042290502973,-0.08813526439065716,-0.10393042290502974
14,6,C6_Stainless_d0.75_f0.50,Stainless Steel J45,0.75,0.5,0.35,0.404270582252403,0.4062053795067084,-0.054270582252403,-0.0562053795067084,0.4958915548519581,0.4814674914595915,-0.14589155485195815,-0.13146749145959152,0.5471935130016184,0.5236271199356202,-0.19719351300161847,-0.1736271199356202,0.598533720960862,0.5761786748866705,-0.24853372096086201,-0.22617867488667054
14,8,C6_Stainless_d0.75_f0.50,Stainless Steel J45,0.75,0.5,0.6,0.6458348059225973,0.6459175198250438,-0.045834805922597366,-0.04591751982504377,0.5735483726080046,0.6101565939899692,0.026451627391995358,-0.010156593989969265,0.5734806186459014,0.5790388139369851,0.026519381354098592,0.02096118606301489,0.6146933825021437,0.6073884307060358,-0.014693382502143693,-0.007388430706035787
14,9,C6_Stainless_d0.75_f0.50,Stainless Steel J45,0.75,0.5,0.81,0.6069349437145292,0.6065617718321199,0.2030650562854709,0.20343822816788015,0.5702096309952529,0.5838384122976679,0.23979036900474715,0.2261615877023322,0.5000462643901996,0.5067922036747625,0.30995373560980044,0.30320779632523753,0.4961887886649473,0.49999900124762237,0.31381121133505274,0.3100009987523777
14,10,C6_Stainless_d0.75_f0.50,Stainless Steel J45,0.75,0.5,1.14,0.5983937866114909,0.5970480566983826,0.541606213388509,0.5429519433016173,0.7291339176087279,0.667799013682931,0.410866082391272,0.47220098631706886,0.5911855920605086,0.6178800427495242,0.5488144079394913,0.5221199572504757,0.6362968007934197,0.6103481219068174,0.5037031992065802,0.5296518780931825
15,2,C7_Stainless_d1.50_f0.25,Stainless Steel J45,1.5,0.25,0.15,0.35981811048476703,0.36021640865599114,-0.20981811048476703,-0.21021640865599114,0.5283095952601538,0.5372639202407897,-0.37830959526015373,-0.3872639202407897,0.6094583608005713,0.6373470917625916,-0.45945836080057123,-0.4873470917625916,0.597109391825275,0.6031030991103841,-0.447109391825275,-0.45310309911038404
15,3,C7_Stainless_d1.50_f0.25,Stainless Steel J45,1.5,0.25,0.28,0.37188271947332324,0.3723537334465027,-0.09188271947332322,-0.09235373344650266,0.4517291172100115,0.4626076412444804,-0.1717291172100115,-0.18260764124448037,0.482517994107831,0.46051619857244835,-0.202517994107831,-0.18051619857244833,0.489769637076579,0.4870248291605924,-0.20976963707657897,-0.2070248291605924
15,4,C7_Stainless_d1.50_f0.25,Stainless Steel J45,1.5,0.25,0.37,0.5505008823118491,0.5507316952639503,-0.18050088231184913,-0.18073169526395028,0.7014556834950533,0.7042365189919699,-0.3314556834950533,-0.33423651899196993,0.5118930131249484,0.5128208011513729,-0.1418930131249484,-0.14282080115137286,0.5856456595175161,0.6158244104590297,-0.21564565951751613,-0.2458244104590297
15,5,C7_Stainless_d1.50_f0.25,Stainless Steel J45,1.5,0.25,0.48,0.43374608454241104,0.43416178934749083,0.046253915457588946,0.04583821065250915,0.5061085474433693,0.5211591184908078,-0.026108547443369323,-0.04115911849080778,0.7869075756675759,0.7762479419679422,-0.30690757566757587,-0.29624794196794224,0.6809697860074037,0.7220237781321858,-0.20096978600740367,-0.24202377813218579
15,6,C7_Stainless_d1.50_f0.25,Stainless Steel J45,1.5,0.25,0.56,0.40212417003527157,0.402451781684614,0.1578758299647285,0.15754821831538607,0.3708469500904498,0.36749368048197145,0.18915304990955023,0.1925063195180286,0.4852411512425928,0.47758786841787726,0.07475884875740724,0.0824121315821228,0.4679667602216431,0.45420686669435817,0.09203323977835698,0.10579313330564188
15,7,C7_Stainless_d1.50_f0.25,Stainless Steel J45,1.5,0.25,0.7,0.6171709726242343,0.6170589565404873,0.0828290273757657,0.0829410434595127,0.5358931770357952,0.4805607882953349,0.16410682296420476,0.21943921170466507,0.5941944296759312,0.5949704270402799,0.10580557032406879,0.10502957295972004,0.551717233865192,0.5425846395178299,0.14828276613480795,0.15741536048217009
16,3,C8_Stainless_d1.50_f0.50,Stainless Steel J45,1.5,0.5,0.24,0.5065274493898827,0.5059626350539363,-0.2665274493898827,-0.26596263505393636,0.4311820368734758,0.5052919336820674,-0.1911820368734758,-0.2652919336820674,0.34135913418281055,0.3517164921189921,-0.10135913418281056,-0.1117164921189921,0.5000602763735936,0.4432404893953904,-0.26006027637359364,-0.2032404893953904
16,5,C8_Stainless_d1.50_f0.50,Stainless Steel J45,1.5,0.5,0.4,0.7177317448357226,0.7235793919152311,-0.31773174483572253,-0.3235793919152311,0.5374203234316115,0.618007624950573,-0.13742032343161148,-0.21800762495057302,0.5941385175105798,0.6035388978746176,-0.19413851751057976,-0.20353889787461754,0.5946393469246053,0.587346215266957,-0.19463934692460527,-0.18734621526695694
16,6,C8_Stainless_d1.50_f0.50,Stainless Steel J45,1.5,0.5,0.62,0.8773905072611732,0.8846339522392661,-0.2573905072611732,-0.2646339522392661,0.5356772376047142,0.5293909561586418,0.0843227623952858,0.09060904384135815,0.5955946849945072,0.6006701771251156,0.02440531500549281,0.019329822874884384,0.6712951263030407,0.6882061612093334,-0.05129512630304067,-0.06820616120933343
