Case,Rep,Material,DOC,Feed,Passes,Valid,Missing,Corrupt,MaxTime (min),Start VB,Final VB,Pass to 0.30mm,Time to 0.30mm,Wear Rate (mm/min)
1,1,Cast Iron,1.5,0.5,17,13,4,0,48.0,0.0,0.44,11,32.0,0.0096
2,1,Cast Iron,0.75,0.5,14,12,1,1,72.0,0.14,0.55,10,45.0,0.0065
3,1,Cast Iron,0.75,0.25,14,14,0,0,81.0,0.0,0.55,12,63.0,0.0068
4,1,Cast Iron,1.5,0.25,7,7,0,0,39.0,0.08,0.49,4,21.0,0.0114
5,1,Steel J45,1.5,0.5,6,6,0,0,15.0,0.0,0.74,4,9.0,0.0493
6,1,Steel J45,1.5,0.25,1,1,0,0,0.0,0.0,0.0,Not reached,Not reached,N/A
7,1,Steel J45,0.75,0.25,8,7,1,0,21.0,0.0,0.46,6,15.0,0.0256
8,1,Steel J45,0.75,0.5,6,5,1,0,12.0,0.0,0.62,3,6.0,0.0517
9,2,Cast Iron,1.5,0.5,9,9,0,0,46.0,0.0,0.81,6,28.0,0.0180
10,2,Cast Iron,1.5,0.25,10,10,0,0,57.0,0.0,0.7,6,27.0,0.0123
11,2,Cast Iron,0.75,0.25,23,20,3,0,105.0,0.0,0.76,15,57.0,0.0073
12,2,Cast Iron,0.75,0.5,15,12,2,1,74.0,0.05,0.65,9,42.0,0.0085
13,2,Steel J45,0.75,0.25,15,13,2,0,45.0,0.1,1.53,6,16.0,0.0349
14,2,Steel J45,0.75,0.5,9,7,2,0,24.0,0.09,1.14,6,12.0,0.0500
15,2,Steel J45,1.5,0.25,7,6,1,0,19.0,0.15,0.7,4,9.0,0.0344
16,2,Steel J45,1.5,0.5,6,3,3,0,9.0,0.24,0.62,5,6.0,0.0633
