VB_mm,case,run,material_name,material_code,DOC_mm,feed_mm_rev,condition_id,cumulative_time_min,smcAC_rms,vib_spindle_kurtosis,vib_spindle_p2p,AE_table_rms,AE_spindle_p2p,smcAC_p2p,smcAC_spindle_band_pwr,AE_table_p2p,AE_spindle_rms,vib_table_spindle_band_pwr,vib_table_tooth_band_pwr,smcDC_mean,smcDC_std
0.0,1,1,Cast Iron,1,1.5,0.5,C4_CastIron_d1.50_f0.50,2.0,1.5321652211778227,-1.085246260827634,0.574951171875,0.1782130891737492,0.34912109375,8.02490234375,9913.702744460952,0.3961181640625,0.1967832626996549,118.77886526854644,93.39262016328377,5.438449435763889,2.243695730595105
0.11,1,4,Cast Iron,1,1.5,0.5,C4_CastIron_d1.50_f0.50,7.0,1.6387178517882133,-1.053205472323571,0.465087890625,0.1951897880984209,0.430908203125,8.2421875,11450.268773353111,0.352783203125,0.226163811321209,99.33872810886328,78.15869058409484,5.827789171006945,2.3849611134575395
0.2,1,6,Cast Iron,1,1.5,0.5,C4_CastIron_d1.50_f0.50,15.0,2.0136913405097414,-0.3785557579622818,0.83251953125,0.2160823208783892,0.3094482421875,9.4677734375,17628.323588543528,0.3497314453125,0.2256759383284581,6.929870888416743,31.088450111526804,7.148231879340278,2.986456453100742
0.24,1,7,Cast Iron,1,1.5,0.5,C4_CastIron_d1.50_f0.50,19.0,2.0616414159902985,-0.28938457730627,0.640869140625,0.1952873462798062,0.4779052734375,9.6533203125,18587.320912529904,0.301513671875,0.3009428007418918,21.186092385783702,77.76095187780571,7.490556098090278,3.223895136482541
0.29,1,8,Cast Iron,1,1.5,0.5,C4_CastIron_d1.50_f0.50,22.0,2.263879741625518,44.06067474473042,1.339111328125,0.2474031127728745,0.4248046875,9.990234375,22484.233723478643,0.382080078125,0.2796218925356082,1.8539974632208889,24.036916997814256,7.818536783854166,3.192939201632468
0.28,1,9,Cast Iron,1,1.5,0.5,C4_CastIron_d1.50_f0.50,26.0,2.352920545353346,8.608187120862386,0.9326171875,0.2576964632596203,0.572509765625,9.99755859375,24380.356514566087,0.3863525390625,0.3467519378594207,20.77556407603052,57.55402123568667,7.855196940104166,3.153043553338773
0.29,1,10,Cast Iron,1,1.5,0.5,C4_CastIron_d1.50_f0.50,29.0,2.520599022266457,-0.8560639021685081,0.234375,0.2824138971459146,0.5291748046875,10.712890625,28083.324761032756,0.4351806640625,0.3229234132651588,8.12636785713399,17.753978428734275,8.068226453993056,3.008872232544372
0.38,1,11,Cast Iron,1,1.5,0.5,C4_CastIron_d1.50_f0.50,32.0,2.4661930615455727,25.54199249458161,0.919189453125,0.2766410204162089,0.87646484375,10.869140625,26835.596223308137,0.447998046875,0.4043726980516259,6.229422465986238,16.67457240259844,7.993632269965277,3.115895078318781
0.4,1,12,Cast Iron,1,1.5,0.5,C4_CastIron_d1.50_f0.50,35.0,2.6928853983310383,2.114371575358829,0.84228515625,0.2805086365180216,0.5548095703125,10.8154296875,32227.36374671968,0.5133056640625,0.3619426767220971,26.169988404162314,48.23011430528486,8.018026801215278,3.2074762533075964
0.43,1,13,Cast Iron,1,1.5,0.5,C4_CastIron_d1.50_f0.50,38.0,2.696366323466138,95.78609037886032,1.282958984375,0.2920192253780825,0.577392578125,11.1572265625,32218.91833455369,0.4632568359375,0.3558122241210121,14.413470802213212,21.41661966177081,8.116930338541666,3.104365701390339
0.45,1,14,Cast Iron,1,1.5,0.5,C4_CastIron_d1.50_f0.50,41.0,2.781506304890696,4.998837999626055,0.73974609375,0.3073928096775067,0.5877685546875,11.1474609375,34340.498957584256,0.5279541015625,0.3852866843917886,7.351655470574422,32.63384663228924,8.155065104166667,3.0686833364337933
0.5,1,15,Cast Iron,1,1.5,0.5,C4_CastIron_d1.50_f0.50,44.0,2.9262669548199995,9.418293171114074,0.99609375,0.3233696879143024,0.6878662109375,11.884765625,38057.07164973259,0.4913330078125,0.4165565805244327,1.6793526597901178,12.506722891738338,8.296011284722223,2.9645400987069217
0.44,1,17,Cast Iron,1,1.5,0.5,C4_CastIron_d1.50_f0.50,48.0,2.877442549687962,18.73420993782698,1.158447265625,0.2964585897418209,0.7574462890625,11.7919921875,36649.5195187028,0.440673828125,0.4443202214611472,10.751305429528324,31.47526751176082,8.28,2.896141145742607
0.14,2,2,Cast Iron,1,0.75,0.5,C2_CastIron_d0.75_f0.50,9.0,1.0917624977506248,-1.1704889076111258,0.39306640625,0.1562636181406957,0.3619384765625,4.7998046875,5112.10445004906,0.3448486328125,0.2244564403718837,2.9882391894629308,19.32066087945829,4.044118923611111,1.379780708738919
0.14,2,3,Cast Iron,1,0.75,0.5,C2_CastIron_d0.75_f0.50,12.0,1.1019304879821954,-1.152728762921105,0.399169921875,0.1590564215403635,0.3509521484375,4.931640625,5208.029597633858,0.2581787109375,0.2229404084391076,3.232286110431548,19.777237519288576,4.089541015625,1.3773562145134362
0.14,2,4,Cast Iron,1,0.75,0.5,C2_CastIron_d0.75_f0.50,15.0,1.17137938467075,-0.6842850189217629,0.440673828125,0.1486207313545768,0.35888671875,5.1123046875,5921.558095860044,0.2264404296875,0.2156102817959354,46.14460480119463,43.63600455312854,4.342749565972222,1.5356079463651722
0.15,2,5,Cast Iron,1,0.75,0.5,C2_CastIron_d0.75_f0.50,22.0,1.2543653060486977,151.30929443700663,1.1279296875,0.1079347121279889,0.31005859375,5.6396484375,6803.683255800888,0.2264404296875,0.2093377549144618,76.25548911369799,41.018813411194174,4.627128363715277,1.6922220353640205
0.18,2,7,Cast Iron,1,0.75,0.5,C2_CastIron_d0.75_f0.50,27.0,1.3405382408398925,175.16059716695264,2.23876953125,0.1659476891684234,0.2471923828125,5.7421875,7809.168729139352,0.1959228515625,0.1971564381014493,26.97272072254066,20.191193941131985,4.985134006076389,1.8026032898579176
0.22,2,8,Cast Iron,1,0.75,0.5,C2_CastIron_d0.75_f0.50,33.0,1.4482985267418524,103.6636281387118,2.239990234375,0.1756450399670008,0.3350830078125,6.0791015625,9140.99835075132,0.2239990234375,0.2220165851992947,78.93519213324888,26.10926885180072,5.347312282986112,1.941980478837932
0.26,2,9,Cast Iron,1,0.75,0.5,C2_CastIron_d0.75_f0.50,39.0,1.6114087315187269,248.1057034920959,2.2412109375,0.1824578842121406,0.4534912109375,6.9384765625,11373.241503744992,0.2667236328125,0.2807269936432068,57.154624361164174,20.29462738302984,5.961409505208334,2.200690573080385
0.31,2,10,Cast Iron,1,0.75,0.5,C2_CastIron_d0.75_f0.50,45.0,1.7108133179041465,398.64433157421774,1.761474609375,0.2005197085311851,0.482177734375,7.55615234375,12842.54560321066,0.2850341796875,0.3006826312019536,39.47803119439693,16.904557669967552,6.2446489800347225,2.6755607571049977
0.38,2,11,Cast Iron,1,0.75,0.5,C2_CastIron_d0.75_f0.50,51.0,1.8974771394777945,115.85395896402558,1.170654296875,0.2135205861285371,0.5450439453125,8.1787109375,15836.240867784403,0.2880859375,0.3400325857060924,16.053118136853683,7.19255407607557,7.0578271484375,2.610087495666785
0.43,2,12,Cast Iron,1,0.75,0.5,C2_CastIron_d0.75_f0.50,59.0,1.917503042109515,385.29661412306535,1.905517578125,0.2316204777226257,0.587158203125,8.31787109375,16160.174540916052,0.379638671875,0.3645049214623718,37.08418808005552,16.301974084046446,7.135653211805556,2.59045593800727
0.48,2,13,Cast Iron,1,0.75,0.5,C2_CastIron_d0.75_f0.50,66.0,2.1408223932837305,1304.6060137499824,1.0595703125,0.2510142154214076,0.6793212890625,9.111328125,20222.80350920141,0.380859375,0.4127827455796755,13.145084872473763,6.031290377517015,7.936211480034722,2.8116264918927025
0.55,2,14,Cast Iron,1,0.75,0.5,C2_CastIron_d0.75_f0.50,72.0,2.1554356930926164,1084.8729133246266,0.877685546875,0.263714358749376,0.8917236328125,9.4580078125,20507.31465270717,0.40283203125,0.3739071791761704,11.98417779154529,4.84939755279993,7.712771267361111,3.2743408504888256
0.0,3,1,Cast Iron,1,0.75,0.25,C1_CastIron_d0.75_f0.25,0.0,0.8833888570261476,0.7785079418507705,0.107421875,0.1370201452045698,0.352783203125,3.74755859375,3139.8301685358438,0.15869140625,0.1927358426185633,1356.2316067458232,23.995363661049343,3.3854106987847223,0.517663859676958
0.13,3,2,Cast Iron,1,0.75,0.25,C1_CastIron_d0.75_f0.25,3.0,0.873258543324694,1.228545900632839,0.123291015625,0.1392907429323216,0.1959228515625,3.95751953125,3083.2832436459644,0.172119140625,0.1714678060211976,684.6861098821704,38.96811175800436,3.288376736111111,0.8045656167935906
0.13,3,3,Cast Iron,1,0.75,0.25,C1_CastIron_d0.75_f0.25,9.0,0.9408409028583632,1.3218923961313631,0.1123046875,0.1439129764762636,0.20751953125,4.36279296875,3605.724362093956,0.1617431640625,0.1783012438668156,339.51414572730323,23.173502563873665,3.527030164930556,0.951725989238622
0.17,3,5,Cast Iron,1,0.75,0.25,C1_CastIron_d0.75_f0.25,21.0,1.0148148564301034,0.2429031806616004,0.1171875,0.1586010146969682,0.233154296875,4.41650390625,4296.168068597166,0.208740234375,0.1984055703466059,272.79723683640174,15.193356751858149,3.878587239583333,0.9076762467699586
0.19,3,6,Cast Iron,1,0.75,0.25,C1_CastIron_d0.75_f0.25,27.0,1.0966996812078291,0.1526665698834493,0.1220703125,0.1576679184860075,0.3851318359375,4.5556640625,5020.132423622549,0.1959228515625,0.2266162567380823,228.1058978960377,41.69353864748072,4.225169813368056,0.8184608693691918
0.2,3,7,Cast Iron,1,0.75,0.25,C1_CastIron_d0.75_f0.25,33.0,1.065757468098253,0.2446631549276863,0.1416015625,0.1652110157681097,0.24169921875,4.47998046875,4792.240975558642,0.2099609375,0.2091905561168878,111.82100406564798,16.385147686345,4.040774197048611,1.0469612339078205
0.23,3,8,Cast Iron,1,0.75,0.25,C1_CastIron_d0.75_f0.25,39.0,1.2264003859807036,691.3014419848181,0.76904296875,0.1646444072559459,0.2471923828125,5.22216796875,6323.895816187044,0.1849365234375,0.2173927525542849,40.57554843615955,11.56701477196496,4.678594835069444,1.1314834416056214
0.23,3,9,Cast Iron,1,0.75,0.25,C1_CastIron_d0.75_f0.25,45.0,1.2029180794670038,967.2982688815664,1.16943359375,0.1673926050998077,0.2532958984375,5.99365234375,6193.200350572637,0.1776123046875,0.2241972791712641,19.66684199300998,16.921908139598592,4.383597547743055,1.769211180924401
0.26,3,10,Cast Iron,1,0.75,0.25,C1_CastIron_d0.75_f0.25,51.0,1.433173594519009,1124.7637221942862,1.768798828125,0.1935279100998652,0.3375244140625,6.3525390625,8803.475726905815,0.3509521484375,0.2631225153331779,7.143263220485128,7.658988844427034,5.438609483506944,1.4663842795733075
0.28,3,11,Cast Iron,1,0.75,0.25,C1_CastIron_d0.75_f0.25,57.0,1.480649533245442,679.7603892530852,1.123046875,0.1957194421758892,0.411376953125,6.376953125,9445.856009683064,0.238037109375,0.3015562680692548,5.345999278413866,14.880854320864572,5.589153645833333,1.6099623343337872
0.33,3,12,Cast Iron,1,0.75,0.25,C1_CastIron_d0.75_f0.25,63.0,1.6006088928599878,800.0130156766272,0.9033203125,0.2177167666663556,0.3814697265625,6.77734375,11155.306291679775,0.30517578125,0.2849104347241532,0.7984804268161738,7.160051054797271,6.036658528645833,1.8321844106579437
0.36,3,14,Cast Iron,1,0.75,0.25,C1_CastIron_d0.75_f0.25,69.0,1.579040378739643,241.7890489930099,0.74462890625,0.2166862907409851,0.69580078125,6.48681640625,10851.596515872508,0.2874755859375,0.3851907199904394,1.6274780093917534,5.614911155802012,5.939159071180556,1.815665834499549
0.44,3,15,Cast Iron,1,0.75,0.25,C1_CastIron_d0.75_f0.25,75.0,1.7049185891010925,501.2077623599974,0.726318359375,0.2402025279203505,0.5462646484375,7.30224609375,12710.66926122536,0.3369140625,0.3314592789231468,6.298419862435763,7.905056861974385,6.316368815104167,2.303438660094004
0.55,3,16,Cast Iron,1,0.75,0.25,C1_CastIron_d0.75_f0.25,81.0,1.8873011037594316,3093.782211783329,2.25341796875,0.2450841817295568,0.4669189453125,7.49755859375,15672.765706180988,0.352783203125,0.3199841714905934,1.1358841040992689,4.707810975935406,7.116940646701389,2.1746021922730696
0.08,4,1,Cast Iron,1,1.5,0.25,C3_CastIron_d1.50_f0.25,3.0,1.2369948065588852,0.9244543985824348,0.13916015625,0.1798370973306846,0.4144287109375,5.47119140625,6353.410620858836,0.31494140625,0.2277061752837733,539.1646278016583,76.0337458494557,4.632887369791667,1.447135256201787
0.13,4,2,Cast Iron,1,1.5,0.25,C3_CastIron_d1.50_f0.25,9.0,1.442762471869102,2.5490025419438425,0.130615234375,0.1832080073588333,0.328369140625,6.4892578125,8731.00042828595,0.2178955078125,0.238718111377814,333.1940830072564,36.13267087298623,5.418782009548611,1.6479977427697383
0.2,4,3,Cast Iron,1,1.5,0.25,C3_CastIron_d1.50_f0.25,15.0,1.4607539362510804,2.26257106582032,0.159912109375,0.1921437472995692,0.604248046875,6.35498046875,9043.399490440448,0.3143310546875,0.288456336807291,200.9343603579728,81.49103616284735,5.489027777777777,1.6534568871912891
0.31,4,4,Cast Iron,1,1.5,0.25,C3_CastIron_d1.50_f0.25,21.0,1.640442172565889,1.3212438433554556,0.13671875,0.2157378734983299,0.328369140625,7.177734375,11500.709016781935,0.2825927734375,0.2700633567791661,48.348679963077885,26.24747005175392,6.168229166666666,1.8832564104738203
0.35,4,5,Cast Iron,1,1.5,0.25,C3_CastIron_d1.50_f0.25,27.0,1.683053329836222,4.523650063860019,0.145263671875,0.2108038393452265,0.5242919921875,7.4755859375,12056.761112285669,0.3131103515625,0.3283769966329676,35.833521870333044,24.27596081588635,6.300372178819444,2.027446958352368
0.4,4,6,Cast Iron,1,1.5,0.25,C3_CastIron_d1.50_f0.25,34.0,1.9942595232734757,197.50936099779827,0.540771484375,0.2784670606863079,0.6103515625,8.8623046875,17226.210857933656,0.504150390625,0.3358755366279645,39.53526182224608,38.2418904654623,7.466947157118056,2.6339220011103275
0.49,4,7,Cast Iron,1,1.5,0.25,C3_CastIron_d1.50_f0.25,39.0,2.1057161837295606,417.3643138514421,0.869140625,0.2837182399791483,0.5267333984375,9.1455078125,19204.64065877733,0.4638671875,0.3380083143750071,20.41138627126958,20.380762895937877,7.942624240451389,2.55037009154718
0.0,9,1,Cast Iron,1,1.5,0.5,C4_CastIron_d1.50_f0.50,1.0,1.415890564522393,-0.2159368053022703,0.126953125,0.1785433476182348,0.3057861328125,6.20849609375,8719.750458365184,0.2099609375,0.2207963970509605,32.73588595785918,118.31972315750372,5.1740532769097225,2.1039278466844107
0.1,9,2,Cast Iron,1,1.5,0.5,C4_CastIron_d1.50_f0.50,3.0,1.412033892980085,0.0917081051274797,0.140380859375,0.1854056787047864,0.3082275390625,6.47705078125,8669.622793362943,0.22216796875,0.2227801304573827,17.24542333142496,76.9498073953585,5.166222873263889,2.081045264907094
0.14,9,3,Cast Iron,1,1.5,0.5,C4_CastIron_d1.50_f0.50,9.0,1.765389680137726,0.1591243157927384,0.177001953125,0.1960740943529406,0.4052734375,7.7685546875,13683.891696753411,0.2752685546875,0.2569879013799079,20.37495850198041,89.0093091287816,6.454820963541667,2.7598706402521143
0.19,9,4,Cast Iron,1,1.5,0.5,C4_CastIron_d1.50_f0.50,16.0,2.0123117407878865,0.4494973037761496,0.145263671875,0.209917040235531,0.4412841796875,8.87939453125,17833.45574963431,0.257568359375,0.2752602700816822,22.158861955065717,103.76561899701262,7.355115017361111,3.1417029561537326
0.27,9,5,Cast Iron,1,1.5,0.5,C4_CastIron_d1.50_f0.50,22.0,2.24717068743415,372.1872007229812,0.7861328125,0.2410867900088248,0.38330078125,9.6044921875,22326.144696269635,0.343017578125,0.298245690225338,8.88545748398478,32.54018150503816,7.744064127604167,3.242018712887328
0.38,9,6,Cast Iron,1,1.5,0.5,C4_CastIron_d1.50_f0.50,28.0,2.418175586898617,805.5714130525469,1.6796875,0.2650415499907878,0.472412109375,10.439453125,25887.608593726825,0.3839111328125,0.3146440265461314,5.685322550849986,19.744901213651268,7.856048177083333,3.2100293719320145
0.47,9,7,Cast Iron,1,1.5,0.5,C4_CastIron_d1.50_f0.50,34.0,2.6703069709773666,911.1787475641952,1.19873046875,0.2916089981549418,0.4718017578125,11.1572265625,31613.049535477992,0.400390625,0.3343705054577243,2.768929317160581,14.600415205047389,8.069975043402778,3.08879815558006
0.64,9,8,Cast Iron,1,1.5,0.5,C4_CastIron_d1.50_f0.50,40.0,2.87334471195458,614.4608488337575,1.248779296875,0.3191275856335265,0.52734375,11.8017578125,36669.96191179803,0.501708984375,0.3274348767156018,1.9057138470039623,14.195791579473813,8.164600694444445,3.030872031550131
0.81,9,9,Cast Iron,1,1.5,0.5,C4_CastIron_d1.50_f0.50,46.0,3.0615671246453795,622.7018261889447,1.241455078125,0.3525109233175464,0.6170654296875,12.3583984375,41607.75409134948,0.5987548828125,0.3913339320268728,11.61704263777552,19.16938541856288,8.26845974392361,2.948086378335588
0.0,10,1,Cast Iron,1,1.5,0.25,C3_CastIron_d1.50_f0.25,0.0,1.278421336431114,0.2279998404521777,0.14404296875,0.1571017086161522,0.177001953125,5.99609375,7017.61299017284,0.147705078125,0.182566457786518,31.85134140870946,22.172409118101168,4.7335791015625,1.612952385495156
0.04,10,2,Cast Iron,1,1.5,0.25,C3_CastIron_d1.50_f0.25,4.0,1.3091469466215306,88.72756570442132,0.66650390625,0.1646306085442595,0.2386474609375,5.908203125,7366.563084948671,0.213623046875,0.1996236455551991,27.11083657931252,30.605281671481983,4.917646484375,1.5203028048756917
0.08,10,3,Cast Iron,1,1.5,0.25,C3_CastIron_d1.50_f0.25,9.0,1.4753334729880778,0.0863768967282121,0.1025390625,0.1743839764582367,0.2484130859375,6.5771484375,9381.54884916858,0.2001953125,0.212191192204371,30.18399342060628,33.20653143427707,5.548324652777778,1.7050627334697364
0.16,10,4,Cast Iron,1,1.5,0.25,C3_CastIron_d1.50_f0.25,15.0,1.6357292079125894,0.8021114614097158,0.125732421875,0.2008876160496381,0.235595703125,6.89453125,11669.85972790304,0.23681640625,0.2201795916783728,32.72010737167478,28.803349864037507,6.1561376953125,1.906950506410073
0.25,10,5,Cast Iron,1,1.5,0.25,C3_CastIron_d1.50_f0.25,21.0,1.8159464949987172,205.29795619747125,0.626220703125,0.220839480248558,0.296630859375,7.919921875,14425.74045267211,0.2911376953125,0.229801051479067,5.045303429737517,21.32742420452326,6.759198676215278,2.3299420232931096
0.36,10,6,Cast Iron,1,1.5,0.25,C3_CastIron_d1.50_f0.25,27.0,1.974665792975446,505.3416476948323,1.1572265625,0.2484588098583538,0.3857421875,8.486328125,17102.605555504735,0.3594970703125,0.2890490895388147,29.785538625168208,22.308191349377097,7.374219292534722,2.515591964409932
0.43,10,7,Cast Iron,1,1.5,0.25,C3_CastIron_d1.50_f0.25,33.0,2.1821468053306394,266.91737900265446,0.76416015625,0.2664846041085143,0.335693359375,9.0625,20932.779855593297,0.357666015625,0.2818481471306654,12.125680363876796,11.107995073016651,8.16030490451389,2.713012399662537
0.47,10,8,Cast Iron,1,1.5,0.25,C3_CastIron_d1.50_f0.25,39.0,2.355166387261784,268.8438173442124,0.760498046875,0.2855111453183558,0.599365234375,9.794921875,24413.96496341225,0.4180908203125,0.3407143093700159,3.1335654362606444,18.34490344741116,8.41687717013889,2.868035133349453
0.53,10,9,Cast Iron,1,1.5,0.25,C3_CastIron_d1.50_f0.25,45.0,2.4954092276795588,519.25366441027,1.116943359375,0.3176237918853803,0.760498046875,10.46875,27471.088722029308,0.458984375,0.3402011790056711,5.319077316316806,7.320256624623262,8.516700303819444,2.789802234959784
0.7,10,10,Cast Iron,1,1.5,0.25,C3_CastIron_d1.50_f0.25,57.0,2.427971918186511,731.5670087239406,1.58935546875,0.3122864980664364,1.1383056640625,10.5908203125,26077.82990621322,0.5230712890625,0.4514868633964247,2.316164193732739,5.884745117665756,7.402974717881944,3.6642299346207854
0.0,11,1,Cast Iron,1,0.75,0.25,C1_CastIron_d0.75_f0.25,1.0,0.8601753807885469,0.103191604246001,0.12451171875,0.1384258903307333,0.181884765625,3.7158203125,3097.90392706831,0.130615234375,0.1751961717380153,56.24745674755619,36.93222381910321,3.239052191840278,0.8240353770350085
0.04,11,2,Cast Iron,1,0.75,0.25,C1_CastIron_d0.75_f0.25,3.0,0.861929009429435,0.2585792494244265,0.10986328125,0.1411489483418025,0.272216796875,3.642578125,3106.6577962571023,0.11474609375,0.1887259760738632,57.92145416442086,21.834125501844483,3.2457541232638887,0.8133252021674646
0.07,11,3,Cast Iron,1,0.75,0.25,C1_CastIron_d0.75_f0.25,10.0,0.917471149752082,0.5023103636185766,0.115966796875,0.1317279304175098,0.172119140625,3.9453125,3529.2906217572504,0.186767578125,0.1725073038878054,63.21830745987953,36.79735911287827,3.4636322699652777,0.8642465580004483
0.07,11,4,Cast Iron,1,0.75,0.25,C1_CastIron_d0.75_f0.25,12.0,0.996949798477727,0.4402737864687784,0.1025390625,0.134539710608438,0.233154296875,4.375,4188.097584170557,0.1239013671875,0.1853231866355823,19.58378473211674,24.041857005004907,3.772528211805556,0.9691655563086212
0.08,11,5,Cast Iron,1,0.75,0.25,C1_CastIron_d0.75_f0.25,14.0,0.9958695249485068,0.9362308928279242,0.15625,0.1320059757444905,0.3887939453125,4.1845703125,4186.28686087365,0.1141357421875,0.2337228296831767,53.07703580425832,77.8827934604993,3.770912543402778,0.9511438590815108
0.09,11,6,Cast Iron,1,0.75,0.25,C1_CastIron_d0.75_f0.25,17.0,1.0491039580374433,0.3075695083191037,0.1025390625,0.1346605696138893,0.3564453125,4.47265625,4677.7121253544765,0.1300048828125,0.2229542825281322,34.82664000712773,47.09530443073614,3.9604264322916665,1.0974080728899316
0.12,11,8,Cast Iron,1,0.75,0.25,C1_CastIron_d0.75_f0.25,21.0,1.1670186090958736,87.27024291670415,0.487060546875,0.1500184006464825,0.2410888671875,4.7216796875,5850.554619436337,0.1458740234375,0.2064602427926797,9.325686305237902,14.49453128334059,4.415837673611111,1.2021386758528367
0.16,11,9,Cast Iron,1,0.75,0.25,C1_CastIron_d0.75_f0.25,27.0,1.111934063582626,371.8923118271863,0.838623046875,0.1465025194021616,0.20263671875,4.39453125,5301.209852558873,0.1470947265625,0.1888181545827626,34.60157177478506,22.27081349741385,4.229730902777778,1.0578674934311605
0.18,11,10,Cast Iron,1,0.75,0.25,C1_CastIron_d0.75_f0.25,33.0,1.159125496750021,526.6119665836621,0.80810546875,0.1494939114224485,0.1873779296875,4.6435546875,5780.996576990303,0.1495361328125,0.1837299654370819,22.30686138783447,18.355105748310905,4.402415907118056,1.131676584717361
0.2,11,11,Cast Iron,1,0.75,0.25,C1_CastIron_d0.75_f0.25,39.0,1.177769024059666,406.5409099354441,1.26220703125,0.1596848449446909,0.33935546875,4.8388671875,5979.81037418647,0.1690673828125,0.2122694154457966,37.28610479312448,16.511643975991305,4.497059461805556,1.0462565098540055
0.23,11,12,Cast Iron,1,0.75,0.25,C1_CastIron_d0.75_f0.25,45.0,1.182244343307671,208.6561033978795,2.00439453125,0.1624011455070377,0.2825927734375,5.0146484375,6037.439604940864,0.1763916015625,0.2140810144806689,23.32306137013443,33.300590240929814,4.505002170138889,1.2281865178914022
0.26,11,13,Cast Iron,1,0.75,0.25,C1_CastIron_d0.75_f0.25,51.0,1.3446112812425144,354.17874003471985,1.162109375,0.1631121575654073,0.33935546875,5.673828125,7841.016739762515,0.2294921875,0.2250363028859479,4.36924251297874,11.013873807974194,5.148058810763889,1.291539565638099
0.31,11,15,Cast Iron,1,0.75,0.25,C1_CastIron_d0.75_f0.25,57.0,1.3124287492596884,656.976049762728,1.463623046875,0.1868160049275525,0.2880859375,5.49072265625,7445.165010012306,0.2178955078125,0.2246544989809498,7.814561857341093,6.740480245726477,4.992521701388889,1.335772031572322
0.37,11,16,Cast Iron,1,0.75,0.25,C1_CastIron_d0.75_f0.25,63.0,1.2847726057958424,406.1754890719979,1.982421875,0.1831060438359024,0.296630859375,5.34423828125,7145.210089601571,0.234375,0.2332580763289263,161.1827071033944,23.90869094029753,4.886545138888889,1.3104826431184051
0.42,11,18,Cast Iron,1,0.75,0.25,C1_CastIron_d0.75_f0.25,72.0,1.4958453313847522,933.7079580403474,1.947021484375,0.2152360886453456,0.345458984375,6.1328125,9735.163982352738,0.2777099609375,0.2452047499805651,3.702031096270024,7.468966338325468,5.68869140625,1.4589317734003138
0.47,11,19,Cast Iron,1,0.75,0.25,C1_CastIron_d0.75_f0.25,80.0,1.7185064428367347,915.285101444046,1.015625,0.2011738442712421,0.435791015625,7.21923828125,12929.42413593967,0.2642822265625,0.26152192744404,2.4621765349392626,19.308964215156653,6.499380425347222,1.964419465964338
0.57,11,20,Cast Iron,1,0.75,0.25,C1_CastIron_d0.75_f0.25,86.0,1.6612659378824457,2194.6085806835586,1.771240234375,0.2464967504230298,0.5328369140625,6.6455078125,12057.544751237428,0.3643798828125,0.2740316453506404,7.243713604818978,6.679511806600843,6.3321310763888885,1.710208598469428
0.65,11,21,Cast Iron,1,0.75,0.25,C1_CastIron_d0.75_f0.25,93.0,1.7602824848434102,323.1048737145372,1.663818359375,0.2278998958836567,0.4638671875,7.3583984375,13562.156219690743,0.333251953125,0.27208714338403,2.200800472034937,13.715609564768156,6.632572699652778,2.0444378813460298
0.68,11,22,Cast Iron,1,0.75,0.25,C1_CastIron_d0.75_f0.25,100.0,1.854619592182051,252.2998592391284,0.654296875,0.2582548766117851,0.9796142578125,7.86376953125,15107.044905091268,0.399169921875,0.3110138801844747,0.2690421033607525,1.5551733462800477,7.006190321180555,2.1097428006082475
0.76,11,23,Cast Iron,1,0.75,0.25,C1_CastIron_d0.75_f0.25,105.0,1.6388093967699893,1834.0409958208609,1.402587890625,0.2444488713154562,1.15478515625,7.09228515625,11700.437154717683,0.3839111328125,0.4721680521184196,1.1094326302714277,1.265565075525105,6.080954861111112,2.2032755106312463
0.05,12,2,Cast Iron,1,0.75,0.5,C2_CastIron_d0.75_f0.50,3.0,0.8745071957223507,3.182504201687708,0.245361328125,0.1560426834734989,0.303955078125,4.25048828125,3172.660102905188,0.2130126953125,0.1900422038818084,147.44052160358777,35.189893781738,3.243850368923611,1.0620574468289463
0.08,12,3,Cast Iron,1,0.75,0.5,C2_CastIron_d0.75_f0.50,6.0,1.007088803360772,10.327846931485476,0.32470703125,0.1700229110542519,0.3076171875,5.0439453125,4243.89084620809,0.2508544921875,0.2256251229091836,112.3859229446382,51.47831740007512,3.7317496744791674,1.276216100726589
0.12,12,5,Cast Iron,1,0.75,0.5,C2_CastIron_d0.75_f0.50,19.0,1.25251804195835,387.24059177228906,1.695556640625,0.1842161223681001,0.330810546875,6.1083984375,6605.617578344538,0.2734375,0.2440418609910151,39.01716202406749,23.26540979470349,4.6484564887152775,1.608800655839605
0.17,12,6,Cast Iron,1,0.75,0.5,C2_CastIron_d0.75_f0.50,24.0,1.3617599021484366,299.1945583710022,2.100830078125,0.1912957188054451,0.3912353515625,6.64794921875,7863.166350509095,0.2740478515625,0.2376649351307431,16.888776628497663,5.010551106916477,5.062923719618055,1.7453143450986557
0.2,12,7,Cast Iron,1,0.75,0.5,C2_CastIron_d0.75_f0.50,30.0,1.4622555501716623,194.58775293540165,1.480712890625,0.2174094442113679,0.445556640625,6.7578125,9252.501215894838,0.2960205078125,0.2878522709781567,40.20441946539401,5.044653941476221,5.452457682291667,1.8581934175577917
0.24,12,8,Cast Iron,1,0.75,0.5,C2_CastIron_d0.75_f0.50,36.0,1.5585725456203987,493.8607805815512,1.93115234375,0.2327763489185507,0.4180908203125,6.98974609375,10546.903535222038,0.33935546875,0.2862690171414868,42.04693485568018,4.526820704997418,5.820584852430556,1.979167867291776
0.32,12,9,Cast Iron,1,0.75,0.5,C2_CastIron_d0.75_f0.50,42.0,1.778926048341752,521.3316774812652,2.034912109375,0.2268107747500857,0.511474609375,8.0517578125,13823.281444396072,0.3594970703125,0.2898148828059612,41.13793972837327,6.811788793353882,6.640119357638889,2.277938280380557
0.4,12,11,Cast Iron,1,0.75,0.5,C2_CastIron_d0.75_f0.50,49.0,1.8310912384228069,663.920948259461,2.030029296875,0.2188140551129457,0.4608154296875,8.00048828125,14660.226967880975,0.3704833984375,0.2784783413290165,24.32325341082633,27.047105441560475,6.801988932291667,2.4707957754534604
0.45,12,12,Cast Iron,1,0.75,0.5,C2_CastIron_d0.75_f0.50,55.0,1.802776406072432,364.9835501435072,1.959228515625,0.2210196274578173,0.5517578125,8.24951171875,14134.275102624664,0.3350830078125,0.284893040771211,21.04656450155651,10.54831239233097,6.61998046875,2.64187383678932
0.49,12,13,Cast Iron,1,0.75,0.5,C2_CastIron_d0.75_f0.50,61.0,1.9148538461328488,2984.853702850369,2.239990234375,0.2210082777448739,0.48583984375,8.2666015625,16039.26097367726,0.3125,0.2778073216992559,5.665458676874648,3.570624387579457,7.112038845486111,2.5818817189364087
0.58,12,14,Cast Iron,1,0.75,0.5,C2_CastIron_d0.75_f0.50,67.0,2.1019054882971453,167.34996193167962,0.4150390625,0.222010593218487,0.48583984375,8.99169921875,19397.10166678006,0.3497314453125,0.2730474294221167,4.206754871345723,2.0986018829625723,7.813074001736111,2.806105921400079
0.65,12,15,Cast Iron,1,0.75,0.5,C2_CastIron_d0.75_f0.50,74.0,2.2370505276045702,229.37704147301707,0.487060546875,0.2563955032664683,0.694580078125,9.55078125,22057.40829394424,0.4248046875,0.3238591624480243,3.602149147367632,1.84034928639548,8.108623589409722,2.7734768592125767
0.0,5,1,Stainless Steel J45,2,1.5,0.5,C8_Stainless_d1.50_f0.50,0.0,1.77102080250409,-0.6678376967852397,0.133056640625,0.1835219699465932,0.3057861328125,8.77685546875,13557.650207105631,0.2789306640625,0.1773502111775036,38.11342196624448,363.5394360597667,6.407239040798611,2.815314432616133
0.16,5,2,Stainless Steel J45,2,1.5,0.5,C8_Stainless_d1.50_f0.50,3.0,2.131901042225836,201.49155950319,0.528564453125,0.1995383808870177,0.2691650390625,9.99755859375,19855.04262268191,0.5328369140625,0.1829661205013035,28.855744528555817,105.98182479727194,7.481693250868055,3.1161874775857155
0.29,5,3,Stainless Steel J45,2,1.5,0.5,C8_Stainless_d1.50_f0.50,6.0,2.0767168996571765,461.9880162699064,0.791015625,0.2022175492083823,0.3631591796875,10.2294921875,18723.032155247554,0.472412109375,0.1848197079595529,29.002970959834776,81.98769213134798,7.288275282118056,3.1205665337954525
0.44,5,4,Stainless Steel J45,2,1.5,0.5,C8_Stainless_d1.50_f0.50,9.0,2.7633820259618957,392.6356715816197,1.2890625,0.2720293753330093,0.3857421875,11.6357421875,33726.88159287453,0.574951171875,0.2352793303498759,14.841520956201643,96.55766910922412,8.1195654296875,3.1628039375574306
0.53,5,5,Stainless Steel J45,2,1.5,0.5,C8_Stainless_d1.50_f0.50,12.0,2.999554717166783,361.1787987233101,1.656494140625,0.2837130340806135,0.44189453125,12.099609375,39943.0927188798,0.6634521484375,0.2538180242807626,6.581411099162325,73.77831916082374,8.200740017361111,3.119056588228248
0.74,5,6,Stainless Steel J45,2,1.5,0.5,C8_Stainless_d1.50_f0.50,15.0,3.471087770955105,141.2897084805786,1.2939453125,0.2875630436153341,0.5029296875,13.7451171875,53700.06694248804,0.50048828125,0.2901585401691047,7.905226037798943,52.19494307976055,8.222862413194445,3.1349217443332007
0.0,6,1,Stainless Steel J45,2,1.5,0.25,C7_Stainless_d1.50_f0.25,0.0,1.3809463159462425,1.789315117525259,0.09765625,0.0207264642695152,0.106201171875,6.162109375,8221.978703142959,0.00732421875,0.1398179249149889,19.008004511823472,26.40187616327933,5.198841145833334,1.4791196070389128
0.0,7,1,Stainless Steel J45,2,0.75,0.25,C5_Stainless_d0.75_f0.25,1.0,0.8783224779009543,1.3545471220869765,0.12939453125,0.1184912356586318,0.09033203125,3.7451171875,3228.673669746825,0.115966796875,0.1266781381682285,33.90570912756997,17.08032606792611,3.344076605902778,0.7191593543839572
0.09,7,2,Stainless Steel J45,2,0.75,0.25,C5_Stainless_d0.75_f0.25,3.0,0.9864098711204308,1.1788957157337014,0.155029296875,0.1245976966094328,0.145263671875,4.072265625,4108.840705881276,0.17578125,0.1347362621464778,48.77282001607266,23.247380331922773,3.7724088541666663,0.8069997611273299
0.13,7,3,Stainless Steel J45,2,0.75,0.25,C5_Stainless_d0.75_f0.25,6.0,1.061255211404846,0.2812215101086637,0.1416015625,0.1066801102478275,0.257568359375,4.46533203125,4755.069858795113,0.15625,0.1456226160539206,77.3138145935825,25.237197602623645,4.016929253472222,1.053039255830289
0.22,7,4,Stainless Steel J45,2,0.75,0.25,C5_Stainless_d0.75_f0.25,10.0,1.2598961067803918,507.9766363399626,1.092529296875,0.0216205270860083,0.19775390625,5.19287109375,6834.404908886433,0.0091552734375,0.1658581917218879,38.350414941306525,47.053540471038495,4.797508680555556,1.2193919825120056
0.24,7,5,Stainless Steel J45,2,0.75,0.25,C5_Stainless_d0.75_f0.25,13.0,1.2801704084005372,127.44113437935933,0.62255859375,0.1489005137202933,0.3173828125,5.40283203125,7097.047614115087,0.2069091796875,0.1825032592227297,29.441458325700573,35.51877138363213,4.7491682942708335,1.6703824525567423
0.34,7,6,Stainless Steel J45,2,0.75,0.25,C5_Stainless_d0.75_f0.25,15.0,1.3820195244224078,1.126296900580396,0.150146484375,0.1509410662895586,0.374755859375,5.67626953125,8303.701535754291,0.2789306640625,0.1870855312467872,34.88800315580811,24.16545221395477,5.224656575520833,1.5216028018895518
0.46,7,7,Stainless Steel J45,2,0.75,0.25,C5_Stainless_d0.75_f0.25,19.0,1.4384679454077198,1365.5206631867015,2.059326171875,0.1505458916526044,0.1971435546875,5.8154296875,8997.003012103598,0.1556396484375,0.1820730491302842,151.6758596815982,64.08324816217142,5.4656494140625,1.5677745209258191
0.0,8,1,Stainless Steel J45,2,0.75,0.5,C6_Stainless_d0.75_f0.50,0.0,1.2484638139192596,0.7459412495047131,0.1513671875,0.1354782219818696,0.1141357421875,5.58349609375,6698.171762010399,0.181884765625,0.1491037606713093,20.23909282154888,71.03226819417884,4.617359483506944,1.6585232833836951
0.18,8,2,Stainless Steel J45,2,0.75,0.5,C6_Stainless_d0.75_f0.50,3.0,1.3686738818993138,1400.0434131959448,1.17431640625,0.1544378247151927,0.301513671875,5.9619140625,8131.895833043513,0.2093505859375,0.171403553308899,7.104993367980478,101.50735779032368,5.067150607638889,1.8660316287163377
0.3,8,3,Stainless Steel J45,2,0.75,0.5,C6_Stainless_d0.75_f0.50,6.0,1.5836879046690882,23.290976822630714,0.361328125,0.0765565932627159,0.29541015625,6.83837890625,10972.13806521925,0.250244140625,0.1928107689625727,12.023279068518963,103.82758187155244,5.846361762152778,2.2245558881527736
0.44,8,5,Stainless Steel J45,2,0.75,0.5,C6_Stainless_d0.75_f0.50,9.0,1.64310367284378,525.9503144904226,0.853271484375,0.1730205185487529,0.4107666015625,6.85302734375,11837.42279503487,0.2838134765625,0.2166502765269954,10.36005489169342,87.54827067128448,6.063752170138889,2.3046680804660973
0.62,8,6,Stainless Steel J45,2,0.75,0.5,C6_Stainless_d0.75_f0.50,12.0,1.8065903469111848,247.3447859909424,0.50537109375,0.1764681026671742,0.36376953125,7.8564453125,14337.530291358133,0.2337646484375,0.2112652095216956,39.90385552227335,137.3408311109676,6.627985026041666,2.627863184947833
0.1,13,3,Stainless Steel J45,2,0.75,0.25,C5_Stainless_d0.75_f0.25,4.0,1.0193981871445374,2229.3984773861885,1.39892578125,0.1036265778266778,0.17822265625,4.45556640625,4365.854772465471,0.152587890625,0.1358870494881381,9.531073550531746,20.56978613176676,3.9202430555555554,0.8429607229675425
0.13,13,4,Stainless Steel J45,2,0.75,0.25,C5_Stainless_d0.75_f0.25,7.0,1.104299424245757,434.6095209394463,0.85205078125,0.1242748392444826,0.316162109375,4.72412109375,5172.56692508553,0.1959228515625,0.1513158463670874,6.48460435283919,24.15302726267068,4.234627821180555,0.9345571111133906
0.17,13,5,Stainless Steel J45,2,0.75,0.25,C5_Stainless_d0.75_f0.25,11.0,1.195089536329223,1.7665942646643744,0.123291015625,0.1228770395899048,0.2880859375,5.37841796875,6080.457010849665,0.1995849609375,0.1417865795558212,5.826621488617086,9.632326181567535,4.533768988715278,1.2340108124731908
0.32,13,6,Stainless Steel J45,2,0.75,0.25,C5_Stainless_d0.75_f0.25,16.0,1.3959760884689922,1349.0405360377576,1.697998046875,0.1399123400713509,0.3192138671875,5.869140625,8423.604870198556,0.242919921875,0.1652159092602422,44.404759151906006,32.65644268162409,5.318599175347222,1.377136277440468
0.38,13,7,Stainless Steel J45,2,0.75,0.25,C5_Stainless_d0.75_f0.25,19.0,1.4897359329700108,330.80059526207174,0.626220703125,0.1435642541997695,0.23681640625,6.30126953125,9622.368387338216,0.269775390625,0.1690779265334319,77.38378743155346,46.28611725365615,5.733721788194444,1.325092261010843
0.49,13,8,Stainless Steel J45,2,0.75,0.25,C5_Stainless_d0.75_f0.25,22.0,1.5334176988819517,761.0274125548215,1.339111328125,0.1526825319561864,0.419921875,6.33544921875,10160.48596555483,0.3656005859375,0.1990584211390721,134.60424198296508,36.01680446215395,5.831290147569445,1.6114562480887176
0.56,13,9,Stainless Steel J45,2,0.75,0.25,C5_Stainless_d0.75_f0.25,25.0,1.5988631306076635,288.6781973817956,1.5478515625,0.1480628184241807,0.419921875,6.73583984375,11036.562300159792,0.1531982421875,0.1766173314398499,163.38371450681677,20.42622735166215,6.039286024305556,1.8334833256742864
0.68,13,10,Stainless Steel J45,2,0.75,0.25,C5_Stainless_d0.75_f0.25,29.0,1.863695741087212,1120.1719525039657,1.279296875,0.164859139696816,0.2490234375,8.19091796875,15161.343872102503,0.2081298828125,0.1962154143771984,53.32861679561908,27.80707369090252,7.08458984375,2.059180715665565
0.83,13,11,Stainless Steel J45,2,0.75,0.25,C5_Stainless_d0.75_f0.25,32.0,2.0114155029077727,561.822213131878,0.772705078125,0.182745181723603,0.3460693359375,8.63525390625,17678.910727390365,0.3680419921875,0.208203094920589,44.51682183939402,42.49244971165909,7.725205620659723,1.942533640843567
0.92,13,12,Stainless Steel J45,2,0.75,0.25,C5_Stainless_d0.75_f0.25,35.0,2.0949581461050992,333.46444913962193,0.673828125,0.1878054951394495,0.535888671875,8.8720703125,19179.63678994379,0.4229736328125,0.228039422487914,12.754351491596324,39.57488008471333,7.952958441840278,2.2714493932112694
1.07,13,13,Stainless Steel J45,2,0.75,0.25,C5_Stainless_d0.75_f0.25,38.0,2.152134509338255,672.9519666632202,1.082763671875,0.1995500058651115,0.5194091796875,8.96240234375,20323.191677647937,0.50048828125,0.2364839604014283,29.8298166862918,40.45833707659706,8.155044487847222,2.443110683797965
1.3,13,14,Stainless Steel J45,2,0.75,0.25,C5_Stainless_d0.75_f0.25,42.0,2.4169384730885564,707.6889765475843,0.810546875,0.1941302656842052,0.2850341796875,9.86083984375,25786.583399278847,0.308837890625,0.2025311165500358,48.22365461323575,73.02820612600934,8.541151801215278,2.716872687221616
1.53,13,15,Stainless Steel J45,2,0.75,0.25,C5_Stainless_d0.75_f0.25,45.0,2.4569039267829105,1599.9328867489303,1.578369140625,0.2026387636625373,0.5194091796875,9.951171875,26617.261460001293,0.443115234375,0.2298675320103219,9.968381441243448,70.67117578949167,8.870221354166667,2.3462708472900378
0.09,14,2,Stainless Steel J45,2,0.75,0.5,C6_Stainless_d0.75_f0.50,3.0,1.4501611984013776,530.2979749990618,0.947265625,0.154960894909326,0.3802490234375,7.07275390625,8858.864823303971,0.2606201171875,0.1688592912273635,81.81435397142799,74.46934562584066,5.390300021701389,2.0122304697280664
0.17,14,3,Stainless Steel J45,2,0.75,0.5,C6_Stainless_d0.75_f0.50,6.0,1.6172941914950285,204.10662932390164,2.166748046875,0.1608156522515701,0.3887939453125,7.97607421875,11156.47852829885,0.2850341796875,0.1944026217063199,162.03339771898357,98.34272227010791,5.992028537326389,2.26156614797825
0.24,14,4,Stainless Steel J45,2,0.75,0.5,C6_Stainless_d0.75_f0.50,9.0,1.689196858849025,136.3530732442966,1.787109375,0.1658150178942437,0.440673828125,7.95654296875,12270.00151860112,0.3009033203125,0.1992465066376866,166.17960855872488,65.73016383480902,6.275583767361111,2.3381901338856843
0.35,14,6,Stainless Steel J45,2,0.75,0.5,C6_Stainless_d0.75_f0.50,12.0,1.866103629436084,122.95070495904405,1.52099609375,0.1749099556554955,0.4986572265625,8.525390625,15148.20627244252,0.3167724609375,0.2209889694206538,86.75887841162344,72.04464733718892,6.8714404296875,2.7762149978694386
0.6,14,8,Stainless Steel J45,2,0.75,0.5,C6_Stainless_d0.75_f0.50,18.0,2.2367968548996293,224.59279183554256,1.578369140625,0.2212600784796042,1.00830078125,10.009765625,21986.74896458797,0.84716796875,0.3165442084866546,81.08849602555318,80.66499255507732,7.902601453993055,3.1562917834289337
0.81,14,9,Stainless Steel J45,2,0.75,0.5,C6_Stainless_d0.75_f0.50,21.0,2.4195631279749605,171.4354854033213,1.563720703125,0.2321733279322058,0.8038330078125,10.5908203125,25822.823390567344,1.0296630859375,0.3222609472095833,21.12119345317725,48.45847045184525,8.0061865234375,3.13947803267527
1.14,14,10,Stainless Steel J45,2,0.75,0.5,C6_Stainless_d0.75_f0.50,24.0,2.615759260123932,337.5225111022235,1.0546875,0.2081411245920269,0.489501953125,11.2548828125,30254.69228404664,0.3704833984375,0.2550518214457016,9.14463530792048,31.15458917557715,8.065295681423612,3.086984639016233
0.15,15,2,Stainless Steel J45,2,1.5,0.25,C7_Stainless_d1.50_f0.25,3.0,1.774997619842223,744.638282290965,1.28173828125,0.1915334130993145,0.2630615234375,7.5146484375,13730.482139587048,0.4046630859375,0.1772254513810411,19.499547166611936,154.18237893193142,6.7273529730902775,1.9589762455681332
0.28,15,3,Stainless Steel J45,2,1.5,0.25,C7_Stainless_d1.50_f0.25,6.0,1.9037785572101216,272.4700749842886,0.623779296875,0.197908197501996,0.416259765625,7.998046875,15749.668974574304,0.5218505859375,0.2111300071751862,39.90344270424924,125.13656218781765,7.190436740451389,2.258755475399382
0.37,15,4,Stainless Steel J45,2,1.5,0.25,C7_Stainless_d1.50_f0.25,9.0,2.043479995831443,981.340447484128,1.66259765625,0.2233183947917828,0.5877685546875,8.818359375,18248.66914419718,0.560302734375,0.236033678486402,13.821291589065943,110.80653211826396,7.684327799479167,2.4988376182789405
0.48,15,5,Stainless Steel J45,2,1.5,0.25,C7_Stainless_d1.50_f0.25,13.0,2.202838486482555,348.7750267912396,0.509033203125,0.1857190770817419,0.238037109375,9.5849609375,21326.14737066342,0.2825927734375,0.201802961839648,35.33406455813873,31.841308440476244,8.325705837673611,2.5848554754802997
0.56,15,6,Stainless Steel J45,2,1.5,0.25,C7_Stainless_d1.50_f0.25,16.0,2.217922536366954,244.01638927901936,1.63818359375,0.2607056094804347,0.46142578125,9.3212890625,21590.358949429105,0.650634765625,0.2434757516029634,66.61702944909152,128.7017781669565,8.381232096354166,2.5473312109539066
0.7,15,7,Stainless Steel J45,2,1.5,0.25,C7_Stainless_d1.50_f0.25,19.0,2.446171619322853,701.7197274067513,1.978759765625,0.2907422944079717,0.7952880859375,9.169921875,26424.15626456804,0.811767578125,0.3265470438488076,51.0109063434895,114.85576448979232,8.728606228298611,2.659972461757282
0.24,16,3,Stainless Steel J45,2,1.5,0.5,C8_Stainless_d1.50_f0.50,3.0,2.497710818891556,19.191290565916013,0.31005859375,0.225473644974209,0.42724609375,9.99755859375,27631.67384643464,0.396728515625,0.2307605551989298,24.14368635749469,134.53434559386204,7.9024039713541665,3.2683199411503163
0.4,16,5,Stainless Steel J45,2,1.5,0.5,C8_Stainless_d1.50_f0.50,6.0,2.728158061189029,988.5313403037516,2.18505859375,0.2872210956363752,0.6317138671875,11.38671875,32960.970739687466,0.794677734375,0.2738500925335147,20.96529979781672,135.3776914897458,8.074390733506945,3.189753844428929
0.62,16,6,Stainless Steel J45,2,1.5,0.5,C8_Stainless_d1.50_f0.50,9.0,2.722921089124019,279.6456999814915,0.772705078125,0.2516335889261666,1.1810302734375,11.5283203125,32609.41306572008,0.889892578125,0.3166897816806803,49.11887606612292,66.97940900262591,8.016929796006945,3.2519181876659324
