run_idx,case,replicate,run,material_code,material_name,DOC_mm,feed_mm_rev,speed_m_min,spindle_rpm,cumulative_time_min,VB_mm,is_labeled,is_corrupted,status_flag,signal_samples
1,1,1,1,1,Cast Iron,1.5,0.5,200.0,826.0,2.0,0.0,True,False,VALID,9000
2,1,1,2,1,Cast Iron,1.5,0.5,200.0,826.0,4.0,,False,False,MISSING_VB,9000
3,1,1,3,1,Cast Iron,1.5,0.5,200.0,826.0,6.0,,False,False,MISSING_VB,9000
4,1,1,4,1,Cast Iron,1.5,0.5,200.0,826.0,7.0,0.11,True,False,VALID,9000
5,1,1,5,1,Cast Iron,1.5,0.5,200.0,826.0,11.0,,False,False,MISSING_VB,9000
6,1,1,6,1,Cast Iron,1.5,0.5,200.0,826.0,15.0,0.2,True,False,VALID,9000
7,1,1,7,1,Cast Iron,1.5,0.5,200.0,826.0,19.0,0.24,True,False,VALID,9000
8,1,1,8,1,Cast Iron,1.5,0.5,200.0,826.0,22.0,0.29,True,False,VALID,9000
9,1,1,9,1,Cast Iron,1.5,0.5,200.0,826.0,26.0,0.28,True,False,VALID,9000
10,1,1,10,1,Cast Iron,1.5,0.5,200.0,826.0,29.0,0.29,True,False,VALID,9000
11,1,1,11,1,Cast Iron,1.5,0.5,200.0,826.0,32.0,0.38,True,False,VALID,9000
12,1,1,12,1,Cast Iron,1.5,0.5,200.0,826.0,35.0,0.4,True,False,VALID,9000
13,1,1,13,1,Cast Iron,1.5,0.5,200.0,826.0,38.0,0.43,True,False,VALID,9000
14,1,1,14,1,Cast Iron,1.5,0.5,200.0,826.0,41.0,0.45,True,False,VALID,9000
15,1,1,15,1,Cast Iron,1.5,0.5,200.0,826.0,44.0,0.5,True,False,VALID,9000
16,1,1,16,1,Cast Iron,1.5,0.5,200.0,826.0,46.0,,False,False,MISSING_VB,9000
17,1,1,17,1,Cast Iron,1.5,0.5,200.0,826.0,48.0,0.44,True,False,VALID,9000
18,2,1,1,1,Cast Iron,0.75,0.5,200.0,826.0,3.0,0.08,True,True,CORRUPTED_SIGNAL,9000
19,2,1,2,1,Cast Iron,0.75,0.5,200.0,826.0,9.0,0.14,True,False,VALID,9000
20,2,1,3,1,Cast Iron,0.75,0.5,200.0,826.0,12.0,0.14,True,False,VALID,9000
21,2,1,4,1,Cast Iron,0.75,0.5,200.0,826.0,15.0,0.14,True,False,VALID,9000
22,2,1,5,1,Cast Iron,0.75,0.5,200.0,826.0,22.0,0.15,True,False,VALID,9000
23,2,1,6,1,Cast Iron,0.75,0.5,200.0,826.0,24.0,,False,False,MISSING_VB,9000
24,2,1,7,1,Cast Iron,0.75,0.5,200.0,826.0,27.0,0.18,True,False,VALID,9000
25,2,1,8,1,Cast Iron,0.75,0.5,200.0,826.0,33.0,0.22,True,False,VALID,9000
26,2,1,9,1,Cast Iron,0.75,0.5,200.0,826.0,39.0,0.26,True,False,VALID,9000
27,2,1,10,1,Cast Iron,0.75,0.5,200.0,826.0,45.0,0.31,True,False,VALID,9000
28,2,1,11,1,Cast Iron,0.75,0.5,200.0,826.0,51.0,0.38,True,False,VALID,9000
29,2,1,12,1,Cast Iron,0.75,0.5,200.0,826.0,59.0,0.43,True,False,VALID,9000
30,2,1,13,1,Cast Iron,0.75,0.5,200.0,826.0,66.0,0.48,True,False,VALID,9000
31,2,1,14,1,Cast Iron,0.75,0.5,200.0,826.0,72.0,0.55,True,False,VALID,9000
32,3,1,1,1,Cast Iron,0.75,0.25,200.0,826.0,0.0,0.0,True,False,VALID,9000
33,3,1,2,1,Cast Iron,0.75,0.25,200.0,826.0,3.0,0.13,True,False,VALID,9000
34,3,1,3,1,Cast Iron,0.75,0.25,200.0,826.0,9.0,0.13,True,False,VALID,9000
35,3,1,5,1,Cast Iron,0.75,0.25,200.0,826.0,21.0,0.17,True,False,VALID,9000
36,3,1,6,1,Cast Iron,0.75,0.25,200.0,826.0,27.0,0.19,True,False,VALID,9000
37,3,1,7,1,Cast Iron,0.75,0.25,200.0,826.0,33.0,0.2,True,False,VALID,9000
38,3,1,8,1,Cast Iron,0.75,0.25,200.0,826.0,39.0,0.23,True,False,VALID,9000
39,3,1,9,1,Cast Iron,0.75,0.25,200.0,826.0,45.0,0.23,True,False,VALID,9000
40,3,1,10,1,Cast Iron,0.75,0.25,200.0,826.0,51.0,0.26,True,False,VALID,9000
41,3,1,11,1,Cast Iron,0.75,0.25,200.0,826.0,57.0,0.28,True,False,VALID,9000
42,3,1,12,1,Cast Iron,0.75,0.25,200.0,826.0,63.0,0.33,True,False,VALID,9000
43,3,1,14,1,Cast Iron,0.75,0.25,200.0,826.0,69.0,0.36,True,False,VALID,9000
44,3,1,15,1,Cast Iron,0.75,0.25,200.0,826.0,75.0,0.44,True,False,VALID,9000
45,3,1,16,1,Cast Iron,0.75,0.25,200.0,826.0,81.0,0.55,True,False,VALID,9000
46,4,1,1,1,Cast Iron,1.5,0.25,200.0,826.0,3.0,0.08,True,False,VALID,9000
47,4,1,2,1,Cast Iron,1.5,0.25,200.0,826.0,9.0,0.13,True,False,VALID,9000
48,4,1,3,1,Cast Iron,1.5,0.25,200.0,826.0,15.0,0.2,True,False,VALID,9000
49,4,1,4,1,Cast Iron,1.5,0.25,200.0,826.0,21.0,0.31,True,False,VALID,9000
50,4,1,5,1,Cast Iron,1.5,0.25,200.0,826.0,27.0,0.35,True,False,VALID,9000
51,4,1,6,1,Cast Iron,1.5,0.25,200.0,826.0,34.0,0.4,True,False,VALID,9000
52,4,1,7,1,Cast Iron,1.5,0.25,200.0,826.0,39.0,0.49,True,False,VALID,9000
53,9,2,1,1,Cast Iron,1.5,0.5,200.0,826.0,1.0,0.0,True,False,VALID,9000
54,9,2,2,1,Cast Iron,1.5,0.5,200.0,826.0,3.0,0.1,True,False,VALID,9000
55,9,2,3,1,Cast Iron,1.5,0.5,200.0,826.0,9.0,0.14,True,False,VALID,9000
56,9,2,4,1,Cast Iron,1.5,0.5,200.0,826.0,16.0,0.19,True,False,VALID,9000
57,9,2,5,1,Cast Iron,1.5,0.5,200.0,826.0,22.0,0.27,True,False,VALID,9000
58,9,2,6,1,Cast Iron,1.5,0.5,200.0,826.0,28.0,0.38,True,False,VALID,9000
59,9,2,7,1,Cast Iron,1.5,0.5,200.0,826.0,34.0,0.47,True,False,VALID,9000
60,9,2,8,1,Cast Iron,1.5,0.5,200.0,826.0,40.0,0.64,True,False,VALID,9000
61,9,2,9,1,Cast Iron,1.5,0.5,200.0,826.0,46.0,0.81,True,False,VALID,9000
62,10,2,1,1,Cast Iron,1.5,0.25,200.0,826.0,0.0,0.0,True,False,VALID,9000
63,10,2,2,1,Cast Iron,1.5,0.25,200.0,826.0,4.0,0.04,True,False,VALID,9000
64,10,2,3,1,Cast Iron,1.5,0.25,200.0,826.0,9.0,0.08,True,False,VALID,9000
65,10,2,4,1,Cast Iron,1.5,0.25,200.0,826.0,15.0,0.16,True,False,VALID,9000
66,10,2,5,1,Cast Iron,1.5,0.25,200.0,826.0,21.0,0.25,True,False,VALID,9000
67,10,2,6,1,Cast Iron,1.5,0.25,200.0,826.0,27.0,0.36,True,False,VALID,9000
68,10,2,7,1,Cast Iron,1.5,0.25,200.0,826.0,33.0,0.43,True,False,VALID,9000
69,10,2,8,1,Cast Iron,1.5,0.25,200.0,826.0,39.0,0.47,True,False,VALID,9000
70,10,2,9,1,Cast Iron,1.5,0.25,200.0,826.0,45.0,0.53,True,False,VALID,9000
71,10,2,10,1,Cast Iron,1.5,0.25,200.0,826.0,57.0,0.7,True,False,VALID,9000
72,11,2,1,1,Cast Iron,0.75,0.25,200.0,826.0,1.0,0.0,True,False,VALID,9000
73,11,2,2,1,Cast Iron,0.75,0.25,200.0,826.0,3.0,0.04,True,False,VALID,9000
74,11,2,3,1,Cast Iron,0.75,0.25,200.0,826.0,10.0,0.07,True,False,VALID,9000
75,11,2,4,1,Cast Iron,0.75,0.25,200.0,826.0,12.0,0.07,True,False,VALID,9000
76,11,2,5,1,Cast Iron,0.75,0.25,200.0,826.0,14.0,0.08,True,False,VALID,9000
77,11,2,6,1,Cast Iron,0.75,0.25,200.0,826.0,17.0,0.09,True,False,VALID,9000
78,11,2,7,1,Cast Iron,0.75,0.25,200.0,826.0,19.0,,False,False,MISSING_VB,9000
79,11,2,8,1,Cast Iron,0.75,0.25,200.0,826.0,21.0,0.12,True,False,VALID,9000
80,11,2,9,1,Cast Iron,0.75,0.25,200.0,826.0,27.0,0.16,True,False,VALID,9000
81,11,2,10,1,Cast Iron,0.75,0.25,200.0,826.0,33.0,0.18,True,False,VALID,9000
82,11,2,11,1,Cast Iron,0.75,0.25,200.0,826.0,39.0,0.2,True,False,VALID,9000
83,11,2,12,1,Cast Iron,0.75,0.25,200.0,826.0,45.0,0.23,True,False,VALID,9000
84,11,2,13,1,Cast Iron,0.75,0.25,200.0,826.0,51.0,0.26,True,False,VALID,9000
85,11,2,14,1,Cast Iron,0.75,0.25,200.0,826.0,54.0,,False,False,MISSING_VB,9000
86,11,2,15,1,Cast Iron,0.75,0.25,200.0,826.0,57.0,0.31,True,False,VALID,9000
87,11,2,16,1,Cast Iron,0.75,0.25,200.0,826.0,63.0,0.37,True,False,VALID,9000
88,11,2,17,1,Cast Iron,0.75,0.25,200.0,826.0,67.0,,False,False,MISSING_VB,9000
89,11,2,18,1,Cast Iron,0.75,0.25,200.0,826.0,72.0,0.42,True,False,VALID,9000
90,11,2,19,1,Cast Iron,0.75,0.25,200.0,826.0,80.0,0.47,True,False,VALID,9000
91,11,2,20,1,Cast Iron,0.75,0.25,200.0,826.0,86.0,0.57,True,False,VALID,9000
92,11,2,21,1,Cast Iron,0.75,0.25,200.0,826.0,93.0,0.65,True,False,VALID,9000
93,11,2,22,1,Cast Iron,0.75,0.25,200.0,826.0,100.0,0.68,True,False,VALID,9000
94,11,2,23,1,Cast Iron,0.75,0.25,200.0,826.0,105.0,0.76,True,False,VALID,9000
95,12,2,1,1,Cast Iron,0.75,0.5,200.0,826.0,1.0,,False,True,CORRUPTED_SIGNAL,15360
96,12,2,2,1,Cast Iron,0.75,0.5,200.0,826.0,3.0,0.05,True,False,VALID,9000
97,12,2,3,1,Cast Iron,0.75,0.5,200.0,826.0,6.0,0.08,True,False,VALID,9000
98,12,2,4,1,Cast Iron,0.75,0.5,200.0,826.0,12.0,,False,False,MISSING_VB,9000
99,12,2,5,1,Cast Iron,0.75,0.5,200.0,826.0,19.0,0.12,True,False,VALID,9000
100,12,2,6,1,Cast Iron,0.75,0.5,200.0,826.0,24.0,0.17,True,False,VALID,9000
101,12,2,7,1,Cast Iron,0.75,0.5,200.0,826.0,30.0,0.2,True,False,VALID,9000
102,12,2,8,1,Cast Iron,0.75,0.5,200.0,826.0,36.0,0.24,True,False,VALID,9000
103,12,2,9,1,Cast Iron,0.75,0.5,200.0,826.0,42.0,0.32,True,False,VALID,9000
104,12,2,10,1,Cast Iron,0.75,0.5,200.0,826.0,45.0,,False,False,MISSING_VB,9000
105,12,2,11,1,Cast Iron,0.75,0.5,200.0,826.0,49.0,0.4,True,False,VALID,9000
106,12,2,12,1,Cast Iron,0.75,0.5,200.0,826.0,55.0,0.45,True,False,VALID,9000
107,12,2,13,1,Cast Iron,0.75,0.5,200.0,826.0,61.0,0.49,True,False,VALID,9000
108,12,2,14,1,Cast Iron,0.75,0.5,200.0,826.0,67.0,0.58,True,False,VALID,9000
109,12,2,15,1,Cast Iron,0.75,0.5,200.0,826.0,74.0,0.65,True,False,VALID,9000
110,5,1,1,2,Stainless Steel J45,1.5,0.5,200.0,826.0,0.0,0.0,True,False,VALID,9000
111,5,1,2,2,Stainless Steel J45,1.5,0.5,200.0,826.0,3.0,0.16,True,False,VALID,9000
112,5,1,3,2,Stainless Steel J45,1.5,0.5,200.0,826.0,6.0,0.29,True,False,VALID,9000
113,5,1,4,2,Stainless Steel J45,1.5,0.5,200.0,826.0,9.0,0.44,True,False,VALID,9000
114,5,1,5,2,Stainless Steel J45,1.5,0.5,200.0,826.0,12.0,0.53,True,False,VALID,9000
115,5,1,6,2,Stainless Steel J45,1.5,0.5,200.0,826.0,15.0,0.74,True,False,VALID,9000
116,6,1,1,2,Stainless Steel J45,1.5,0.25,200.0,826.0,0.0,0.0,True,False,VALID,9000
117,7,1,1,2,Stainless Steel J45,0.75,0.25,200.0,826.0,1.0,0.0,True,False,VALID,9000
118,7,1,2,2,Stainless Steel J45,0.75,0.25,200.0,826.0,3.0,0.09,True,False,VALID,9000
119,7,1,3,2,Stainless Steel J45,0.75,0.25,200.0,826.0,6.0,0.13,True,False,VALID,9000
120,7,1,4,2,Stainless Steel J45,0.75,0.25,200.0,826.0,10.0,0.22,True,False,VALID,9000
121,7,1,5,2,Stainless Steel J45,0.75,0.25,200.0,826.0,13.0,0.24,True,False,VALID,9000
122,7,1,6,2,Stainless Steel J45,0.75,0.25,200.0,826.0,15.0,0.34,True,False,VALID,9000
123,7,1,7,2,Stainless Steel J45,0.75,0.25,200.0,826.0,19.0,0.46,True,False,VALID,9000
124,7,1,8,2,Stainless Steel J45,0.75,0.25,200.0,826.0,21.0,,False,False,MISSING_VB,9000
125,8,1,1,2,Stainless Steel J45,0.75,0.5,200.0,826.0,0.0,0.0,True,False,VALID,9000
126,8,1,2,2,Stainless Steel J45,0.75,0.5,200.0,826.0,3.0,0.18,True,False,VALID,9000
127,8,1,3,2,Stainless Steel J45,0.75,0.5,200.0,826.0,6.0,0.3,True,False,VALID,9000
128,8,1,4,2,Stainless Steel J45,0.75,0.5,200.0,826.0,8.0,,False,False,MISSING_VB,9000
129,8,1,5,2,Stainless Steel J45,0.75,0.5,200.0,826.0,9.0,0.44,True,False,VALID,9000
130,8,1,6,2,Stainless Steel J45,0.75,0.5,200.0,826.0,12.0,0.62,True,False,VALID,9000
131,13,2,1,2,Stainless Steel J45,0.75,0.25,200.0,826.0,1.0,,False,False,MISSING_VB,9000
132,13,2,2,2,Stainless Steel J45,0.75,0.25,200.0,826.0,2.0,,False,False,MISSING_VB,9000
133,13,2,3,2,Stainless Steel J45,0.75,0.25,200.0,826.0,4.0,0.1,True,False,VALID,9000
134,13,2,4,2,Stainless Steel J45,0.75,0.25,200.0,826.0,7.0,0.13,True,False,VALID,9000
135,13,2,5,2,Stainless Steel J45,0.75,0.25,200.0,826.0,11.0,0.17,True,False,VALID,9000
136,13,2,6,2,Stainless Steel J45,0.75,0.25,200.0,826.0,16.0,0.32,True,False,VALID,9000
137,13,2,7,2,Stainless Steel J45,0.75,0.25,200.0,826.0,19.0,0.38,True,False,VALID,9000
138,13,2,8,2,Stainless Steel J45,0.75,0.25,200.0,826.0,22.0,0.49,True,False,VALID,9000
139,13,2,9,2,Stainless Steel J45,0.75,0.25,200.0,826.0,25.0,0.56,True,False,VALID,9000
140,13,2,10,2,Stainless Steel J45,0.75,0.25,200.0,826.0,29.0,0.68,True,False,VALID,9000
141,13,2,11,2,Stainless Steel J45,0.75,0.25,200.0,826.0,32.0,0.83,True,False,VALID,9000
142,13,2,12,2,Stainless Steel J45,0.75,0.25,200.0,826.0,35.0,0.92,True,False,VALID,9000
143,13,2,13,2,Stainless Steel J45,0.75,0.25,200.0,826.0,38.0,1.07,True,False,VALID,9000
144,13,2,14,2,Stainless Steel J45,0.75,0.25,200.0,826.0,42.0,1.3,True,False,VALID,9000
145,13,2,15,2,Stainless Steel J45,0.75,0.25,200.0,826.0,45.0,1.53,True,False,VALID,9000
146,14,2,1,2,Stainless Steel J45,0.75,0.5,200.0,826.0,1.0,,False,False,MISSING_VB,9000
147,14,2,2,2,Stainless Steel J45,0.75,0.5,200.0,826.0,3.0,0.09,True,False,VALID,9000
148,14,2,3,2,Stainless Steel J45,0.75,0.5,200.0,826.0,6.0,0.17,True,False,VALID,9000
149,14,2,4,2,Stainless Steel J45,0.75,0.5,200.0,826.0,9.0,0.24,True,False,VALID,9000
150,14,2,5,2,Stainless Steel J45,0.75,0.5,200.0,826.0,11.0,,False,False,MISSING_VB,9000
151,14,2,6,2,Stainless Steel J45,0.75,0.5,200.0,826.0,12.0,0.35,True,False,VALID,9000
152,14,2,8,2,Stainless Steel J45,0.75,0.5,200.0,826.0,18.0,0.6,True,False,VALID,9000
153,14,2,9,2,Stainless Steel J45,0.75,0.5,200.0,826.0,21.0,0.81,True,False,VALID,9000
154,14,2,10,2,Stainless Steel J45,0.75,0.5,200.0,826.0,24.0,1.14,True,False,VALID,9000
155,15,2,1,2,Stainless Steel J45,1.5,0.25,200.0,826.0,1.0,,False,False,MISSING_VB,9000
156,15,2,2,2,Stainless Steel J45,1.5,0.25,200.0,826.0,3.0,0.15,True,False,VALID,9000
157,15,2,3,2,Stainless Steel J45,1.5,0.25,200.0,826.0,6.0,0.28,True,False,VALID,9000
158,15,2,4,2,Stainless Steel J45,1.5,0.25,200.0,826.0,9.0,0.37,True,False,VALID,9000
159,15,2,5,2,Stainless Steel J45,1.5,0.25,200.0,826.0,13.0,0.48,True,False,VALID,9000
160,15,2,6,2,Stainless Steel J45,1.5,0.25,200.0,826.0,16.0,0.56,True,False,VALID,9000
161,15,2,7,2,Stainless Steel J45,1.5,0.25,200.0,826.0,19.0,0.7,True,False,VALID,9000
162,16,2,1,2,Stainless Steel J45,1.5,0.5,200.0,826.0,1.0,,False,False,MISSING_VB,9000
163,16,2,2,2,Stainless Steel J45,1.5,0.5,200.0,826.0,2.0,,False,False,MISSING_VB,9000
164,16,2,3,2,Stainless Steel J45,1.5,0.5,200.0,826.0,3.0,0.24,True,False,VALID,9000
165,16,2,4,2,Stainless Steel J45,1.5,0.5,200.0,826.0,4.0,,False,False,MISSING_VB,9000
166,16,2,5,2,Stainless Steel J45,1.5,0.5,200.0,826.0,6.0,0.4,True,False,VALID,9000
167,16,2,6,2,Stainless Steel J45,1.5,0.5,200.0,826.0,9.0,0.62,True,False,VALID,9000
