run_idx,case,run,VB,time,DOC,feed,material,smcAC_len,smcDC_len,vib_table_len,vib_spindle_len,AE_table_len,AE_spindle_len
1,1,1,0.0,2.0,1.5,0.5,1,9000,9000,9000,9000,9000,9000
2,1,2,,4.0,1.5,0.5,1,9000,9000,9000,9000,9000,9000
3,1,3,,6.0,1.5,0.5,1,9000,9000,9000,9000,9000,9000
4,1,4,0.11,7.0,1.5,0.5,1,9000,9000,9000,9000,9000,9000
5,1,5,,11.0,1.5,0.5,1,9000,9000,9000,9000,9000,9000
6,1,6,0.2,15.0,1.5,0.5,1,9000,9000,9000,9000,9000,9000
7,1,7,0.24,19.0,1.5,0.5,1,9000,9000,9000,9000,9000,9000
8,1,8,0.29,22.0,1.5,0.5,1,9000,9000,9000,9000,9000,9000
9,1,9,0.28,26.0,1.5,0.5,1,9000,9000,9000,9000,9000,9000
10,1,10,0.29,29.0,1.5,0.5,1,9000,9000,9000,9000,9000,9000
11,1,11,0.38,32.0,1.5,0.5,1,9000,9000,9000,9000,9000,9000
12,1,12,0.4,35.0,1.5,0.5,1,9000,9000,9000,9000,9000,9000
13,1,13,0.43,38.0,1.5,0.5,1,9000,9000,9000,9000,9000,9000
14,1,14,0.45,41.0,1.5,0.5,1,9000,9000,9000,9000,9000,9000
15,1,15,0.5,44.0,1.5,0.5,1,9000,9000,9000,9000,9000,9000
16,1,16,,46.0,1.5,0.5,1,9000,9000,9000,9000,9000,9000
17,1,17,0.44,48.0,1.5,0.5,1,9000,9000,9000,9000,9000,9000
18,2,1,0.08,3.0,0.75,0.5,1,9000,9000,9000,9000,9000,9000
19,2,2,0.14,9.0,0.75,0.5,1,9000,9000,9000,9000,9000,9000
20,2,3,0.14,12.0,0.75,0.5,1,9000,9000,9000,9000,9000,9000
21,2,4,0.14,15.0,0.75,0.5,1,9000,9000,9000,9000,9000,9000
22,2,5,0.15,22.0,0.75,0.5,1,9000,9000,9000,9000,9000,9000
23,2,6,,24.0,0.75,0.5,1,9000,9000,9000,9000,9000,9000
24,2,7,0.18,27.0,0.75,0.5,1,9000,9000,9000,9000,9000,9000
25,2,8,0.22,33.0,0.75,0.5,1,9000,9000,9000,9000,9000,9000
26,2,9,0.26,39.0,0.75,0.5,1,9000,9000,9000,9000,9000,9000
27,2,10,0.31,45.0,0.75,0.5,1,9000,9000,9000,9000,9000,9000
28,2,11,0.38,51.0,0.75,0.5,1,9000,9000,9000,9000,9000,9000
29,2,12,0.43,59.0,0.75,0.5,1,9000,9000,9000,9000,9000,9000
30,2,13,0.48,66.0,0.75,0.5,1,9000,9000,9000,9000,9000,9000
31,2,14,0.55,72.0,0.75,0.5,1,9000,9000,9000,9000,9000,9000
32,3,1,0.0,0.0,0.75,0.25,1,9000,9000,9000,9000,9000,9000
33,3,2,0.13,3.0,0.75,0.25,1,9000,9000,9000,9000,9000,9000
34,3,3,0.13,9.0,0.75,0.25,1,9000,9000,9000,9000,9000,9000
35,3,5,0.17,21.0,0.75,0.25,1,9000,9000,9000,9000,9000,9000
36,3,6,0.19,27.0,0.75,0.25,1,9000,9000,9000,9000,9000,9000
37,3,7,0.2,33.0,0.75,0.25,1,9000,9000,9000,9000,9000,9000
38,3,8,0.23,39.0,0.75,0.25,1,9000,9000,9000,9000,9000,9000
39,3,9,0.23,45.0,0.75,0.25,1,9000,9000,9000,9000,9000,9000
40,3,10,0.26,51.0,0.75,0.25,1,9000,9000,9000,9000,9000,9000
41,3,11,0.28,57.0,0.75,0.25,1,9000,9000,9000,9000,9000,9000
42,3,12,0.33,63.0,0.75,0.25,1,9000,9000,9000,9000,9000,9000
43,3,14,0.36,69.0,0.75,0.25,1,9000,9000,9000,9000,9000,9000
44,3,15,0.44,75.0,0.75,0.25,1,9000,9000,9000,9000,9000,9000
45,3,16,0.55,81.0,0.75,0.25,1,9000,9000,9000,9000,9000,9000
46,4,1,0.08,3.0,1.5,0.25,1,9000,9000,9000,9000,9000,9000
47,4,2,0.13,9.0,1.5,0.25,1,9000,9000,9000,9000,9000,9000
48,4,3,0.2,15.0,1.5,0.25,1,9000,9000,9000,9000,9000,9000
49,4,4,0.31,21.0,1.5,0.25,1,9000,9000,9000,9000,9000,9000
50,4,5,0.35,27.0,1.5,0.25,1,9000,9000,9000,9000,9000,9000
51,4,6,0.4,34.0,1.5,0.25,1,9000,9000,9000,9000,9000,9000
52,4,7,0.49,39.0,1.5,0.25,1,9000,9000,9000,9000,9000,9000
53,9,1,0.0,1.0,1.5,0.5,1,9000,9000,9000,9000,9000,9000
54,9,2,0.1,3.0,1.5,0.5,1,9000,9000,9000,9000,9000,9000
55,9,3,0.14,9.0,1.5,0.5,1,9000,9000,9000,9000,9000,9000
56,9,4,0.19,16.0,1.5,0.5,1,9000,9000,9000,9000,9000,9000
57,9,5,0.27,22.0,1.5,0.5,1,9000,9000,9000,9000,9000,9000
58,9,6,0.38,28.0,1.5,0.5,1,9000,9000,9000,9000,9000,9000
59,9,7,0.47,34.0,1.5,0.5,1,9000,9000,9000,9000,9000,9000
60,9,8,0.64,40.0,1.5,0.5,1,9000,9000,9000,9000,9000,9000
61,9,9,0.81,46.0,1.5,0.5,1,9000,9000,9000,9000,9000,9000
62,10,1,0.0,0.0,1.5,0.25,1,9000,9000,9000,9000,9000,9000
63,10,2,0.04,4.0,1.5,0.25,1,9000,9000,9000,9000,9000,9000
64,10,3,0.08,9.0,1.5,0.25,1,9000,9000,9000,9000,9000,9000
65,10,4,0.16,15.0,1.5,0.25,1,9000,9000,9000,9000,9000,9000
66,10,5,0.25,21.0,1.5,0.25,1,9000,9000,9000,9000,9000,9000
67,10,6,0.36,27.0,1.5,0.25,1,9000,9000,9000,9000,9000,9000
68,10,7,0.43,33.0,1.5,0.25,1,9000,9000,9000,9000,9000,9000
69,10,8,0.47,39.0,1.5,0.25,1,9000,9000,9000,9000,9000,9000
70,10,9,0.53,45.0,1.5,0.25,1,9000,9000,9000,9000,9000,9000
71,10,10,0.7,57.0,1.5,0.25,1,9000,9000,9000,9000,9000,9000
72,11,1,0.0,1.0,0.75,0.25,1,9000,9000,9000,9000,9000,9000
73,11,2,0.04,3.0,0.75,0.25,1,9000,9000,9000,9000,9000,9000
74,11,3,0.07,10.0,0.75,0.25,1,9000,9000,9000,9000,9000,9000
75,11,4,0.07,12.0,0.75,0.25,1,9000,9000,9000,9000,9000,9000
76,11,5,0.08,14.0,0.75,0.25,1,9000,9000,9000,9000,9000,9000
77,11,6,0.09,17.0,0.75,0.25,1,9000,9000,9000,9000,9000,9000
78,11,7,,19.0,0.75,0.25,1,9000,9000,9000,9000,9000,9000
79,11,8,0.12,21.0,0.75,0.25,1,9000,9000,9000,9000,9000,9000
80,11,9,0.16,27.0,0.75,0.25,1,9000,9000,9000,9000,9000,9000
81,11,10,0.18,33.0,0.75,0.25,1,9000,9000,9000,9000,9000,9000
82,11,11,0.2,39.0,0.75,0.25,1,9000,9000,9000,9000,9000,9000
83,11,12,0.23,45.0,0.75,0.25,1,9000,9000,9000,9000,9000,9000
84,11,13,0.26,51.0,0.75,0.25,1,9000,9000,9000,9000,9000,9000
85,11,14,,54.0,0.75,0.25,1,9000,9000,9000,9000,9000,9000
86,11,15,0.31,57.0,0.75,0.25,1,9000,9000,9000,9000,9000,9000
87,11,16,0.37,63.0,0.75,0.25,1,9000,9000,9000,9000,9000,9000
88,11,17,,67.0,0.75,0.25,1,9000,9000,9000,9000,9000,9000
89,11,18,0.42,72.0,0.75,0.25,1,9000,9000,9000,9000,9000,9000
90,11,19,0.47,80.0,0.75,0.25,1,9000,9000,9000,9000,9000,9000
91,11,20,0.57,86.0,0.75,0.25,1,9000,9000,9000,9000,9000,9000
92,11,21,0.65,93.0,0.75,0.25,1,9000,9000,9000,9000,9000,9000
93,11,22,0.68,100.0,0.75,0.25,1,9000,9000,9000,9000,9000,9000
94,11,23,0.76,105.0,0.75,0.25,1,9000,9000,9000,9000,9000,9000
95,12,1,,1.0,0.75,0.5,1,15360,15360,15360,15360,15360,15360
96,12,2,0.05,3.0,0.75,0.5,1,9000,9000,9000,9000,9000,9000
97,12,3,0.08,6.0,0.75,0.5,1,9000,9000,9000,9000,9000,9000
98,12,4,,12.0,0.75,0.5,1,9000,9000,9000,9000,9000,9000
99,12,5,0.12,19.0,0.75,0.5,1,9000,9000,9000,9000,9000,9000
100,12,6,0.17,24.0,0.75,0.5,1,9000,9000,9000,9000,9000,9000
101,12,7,0.2,30.0,0.75,0.5,1,9000,9000,9000,9000,9000,9000
102,12,8,0.24,36.0,0.75,0.5,1,9000,9000,9000,9000,9000,9000
103,12,9,0.32,42.0,0.75,0.5,1,9000,9000,9000,9000,9000,9000
104,12,10,,45.0,0.75,0.5,1,9000,9000,9000,9000,9000,9000
105,12,11,0.4,49.0,0.75,0.5,1,9000,9000,9000,9000,9000,9000
106,12,12,0.45,55.0,0.75,0.5,1,9000,9000,9000,9000,9000,9000
107,12,13,0.49,61.0,0.75,0.5,1,9000,9000,9000,9000,9000,9000
108,12,14,0.58,67.0,0.75,0.5,1,9000,9000,9000,9000,9000,9000
109,12,15,0.65,74.0,0.75,0.5,1,9000,9000,9000,9000,9000,9000
110,5,1,0.0,0.0,1.5,0.5,2,9000,9000,9000,9000,9000,9000
111,5,2,0.16,3.0,1.5,0.5,2,9000,9000,9000,9000,9000,9000
112,5,3,0.29,6.0,1.5,0.5,2,9000,9000,9000,9000,9000,9000
113,5,4,0.44,9.0,1.5,0.5,2,9000,9000,9000,9000,9000,9000
114,5,5,0.53,12.0,1.5,0.5,2,9000,9000,9000,9000,9000,9000
115,5,6,0.74,15.0,1.5,0.5,2,9000,9000,9000,9000,9000,9000
116,6,1,0.0,0.0,1.5,0.25,2,9000,9000,9000,9000,9000,9000
117,7,1,0.0,1.0,0.75,0.25,2,9000,9000,9000,9000,9000,9000
118,7,2,0.09,3.0,0.75,0.25,2,9000,9000,9000,9000,9000,9000
119,7,3,0.13,6.0,0.75,0.25,2,9000,9000,9000,9000,9000,9000
120,7,4,0.22,10.0,0.75,0.25,2,9000,9000,9000,9000,9000,9000
121,7,5,0.24,13.0,0.75,0.25,2,9000,9000,9000,9000,9000,9000
122,7,6,0.34,15.0,0.75,0.25,2,9000,9000,9000,9000,9000,9000
123,7,7,0.46,19.0,0.75,0.25,2,9000,9000,9000,9000,9000,9000
124,7,8,,21.0,0.75,0.25,2,9000,9000,9000,9000,9000,9000
125,8,1,0.0,0.0,0.75,0.5,2,9000,9000,9000,9000,9000,9000
126,8,2,0.18,3.0,0.75,0.5,2,9000,9000,9000,9000,9000,9000
127,8,3,0.3,6.0,0.75,0.5,2,9000,9000,9000,9000,9000,9000
128,8,4,,8.0,0.75,0.5,2,9000,9000,9000,9000,9000,9000
129,8,5,0.44,9.0,0.75,0.5,2,9000,9000,9000,9000,9000,9000
130,8,6,0.62,12.0,0.75,0.5,2,9000,9000,9000,9000,9000,9000
131,13,1,,1.0,0.75,0.25,2,9000,9000,9000,9000,9000,9000
132,13,2,,2.0,0.75,0.25,2,9000,9000,9000,9000,9000,9000
133,13,3,0.1,4.0,0.75,0.25,2,9000,9000,9000,9000,9000,9000
134,13,4,0.13,7.0,0.75,0.25,2,9000,9000,9000,9000,9000,9000
135,13,5,0.17,11.0,0.75,0.25,2,9000,9000,9000,9000,9000,9000
136,13,6,0.32,16.0,0.75,0.25,2,9000,9000,9000,9000,9000,9000
137,13,7,0.38,19.0,0.75,0.25,2,9000,9000,9000,9000,9000,9000
138,13,8,0.49,22.0,0.75,0.25,2,9000,9000,9000,9000,9000,9000
139,13,9,0.56,25.0,0.75,0.25,2,9000,9000,9000,9000,9000,9000
140,13,10,0.68,29.0,0.75,0.25,2,9000,9000,9000,9000,9000,9000
141,13,11,0.83,32.0,0.75,0.25,2,9000,9000,9000,9000,9000,9000
142,13,12,0.92,35.0,0.75,0.25,2,9000,9000,9000,9000,9000,9000
143,13,13,1.07,38.0,0.75,0.25,2,9000,9000,9000,9000,9000,9000
144,13,14,1.3,42.0,0.75,0.25,2,9000,9000,9000,9000,9000,9000
145,13,15,1.53,45.0,0.75,0.25,2,9000,9000,9000,9000,9000,9000
146,14,1,,1.0,0.75,0.5,2,9000,9000,9000,9000,9000,9000
147,14,2,0.09,3.0,0.75,0.5,2,9000,9000,9000,9000,9000,9000
148,14,3,0.17,6.0,0.75,0.5,2,9000,9000,9000,9000,9000,9000
149,14,4,0.24,9.0,0.75,0.5,2,9000,9000,9000,9000,9000,9000
150,14,5,,11.0,0.75,0.5,2,9000,9000,9000,9000,9000,9000
151,14,6,0.35,12.0,0.75,0.5,2,9000,9000,9000,9000,9000,9000
152,14,8,0.6,18.0,0.75,0.5,2,9000,9000,9000,9000,9000,9000
153,14,9,0.81,21.0,0.75,0.5,2,9000,9000,9000,9000,9000,9000
154,14,10,1.14,24.0,0.75,0.5,2,9000,9000,9000,9000,9000,9000
155,15,1,,1.0,1.5,0.25,2,9000,9000,9000,9000,9000,9000
156,15,2,0.15,3.0,1.5,0.25,2,9000,9000,9000,9000,9000,9000
157,15,3,0.28,6.0,1.5,0.25,2,9000,9000,9000,9000,9000,9000
158,15,4,0.37,9.0,1.5,0.25,2,9000,9000,9000,9000,9000,9000
159,15,5,0.48,13.0,1.5,0.25,2,9000,9000,9000,9000,9000,9000
160,15,6,0.56,16.0,1.5,0.25,2,9000,9000,9000,9000,9000,9000
161,15,7,0.7,19.0,1.5,0.25,2,9000,9000,9000,9000,9000,9000
162,16,1,,1.0,1.5,0.5,2,9000,9000,9000,9000,9000,9000
163,16,2,,2.0,1.5,0.5,2,9000,9000,9000,9000,9000,9000
164,16,3,0.24,3.0,1.5,0.5,2,9000,9000,9000,9000,9000,9000
165,16,4,,4.0,1.5,0.5,2,9000,9000,9000,9000,9000,9000
166,16,5,0.4,6.0,1.5,0.5,2,9000,9000,9000,9000,9000,9000
167,16,6,0.62,9.0,1.5,0.5,2,9000,9000,9000,9000,9000,9000
