case,replicate,material,DOC_mm,feed_mm_rev,interval_idx,t_start_min,t_end_min,delta_t_min,VB_start_mm,VB_end_mm,delta_VB_mm,interval_wear_rate_mm_min
1,1,Cast Iron,1.5,0.5,1,2.0,7.0,5.0,0.0,0.11,0.11,0.022
1,1,Cast Iron,1.5,0.5,2,7.0,15.0,8.0,0.11,0.2,0.09000000000000001,0.011250000000000001
1,1,Cast Iron,1.5,0.5,3,15.0,19.0,4.0,0.2,0.24,0.03999999999999998,0.009999999999999995
1,1,Cast Iron,1.5,0.5,4,19.0,22.0,3.0,0.24,0.29,0.04999999999999999,0.016666666666666663
1,1,Cast Iron,1.5,0.5,5,22.0,26.0,4.0,0.29,0.28,-0.009999999999999953,-0.0024999999999999883
1,1,Cast Iron,1.5,0.5,6,26.0,29.0,3.0,0.28,0.29,0.009999999999999953,0.003333333333333318
1,1,Cast Iron,1.5,0.5,7,29.0,32.0,3.0,0.29,0.38,0.09000000000000002,0.03000000000000001
1,1,Cast Iron,1.5,0.5,8,32.0,35.0,3.0,0.38,0.4,0.020000000000000018,0.006666666666666672
1,1,Cast Iron,1.5,0.5,9,35.0,38.0,3.0,0.4,0.43,0.02999999999999997,0.00999999999999999
1,1,Cast Iron,1.5,0.5,10,38.0,41.0,3.0,0.43,0.45,0.020000000000000018,0.006666666666666672
1,1,Cast Iron,1.5,0.5,11,41.0,44.0,3.0,0.45,0.5,0.04999999999999999,0.016666666666666663
1,1,Cast Iron,1.5,0.5,12,44.0,48.0,4.0,0.5,0.44,-0.06,-0.015
2,1,Cast Iron,0.75,0.5,1,9.0,12.0,3.0,0.14,0.14,0.0,0.0
2,1,Cast Iron,0.75,0.5,2,12.0,15.0,3.0,0.14,0.14,0.0,0.0
2,1,Cast Iron,0.75,0.5,3,15.0,22.0,7.0,0.14,0.15,0.009999999999999981,0.001428571428571426
2,1,Cast Iron,0.75,0.5,4,22.0,27.0,5.0,0.15,0.18,0.03,0.006
2,1,Cast Iron,0.75,0.5,5,27.0,33.0,6.0,0.18,0.22,0.04000000000000001,0.006666666666666668
2,1,Cast Iron,0.75,0.5,6,33.0,39.0,6.0,0.22,0.26,0.04000000000000001,0.006666666666666668
2,1,Cast Iron,0.75,0.5,7,39.0,45.0,6.0,0.26,0.31,0.04999999999999999,0.008333333333333331
2,1,Cast Iron,0.75,0.5,8,45.0,51.0,6.0,0.31,0.38,0.07,0.011666666666666667
2,1,Cast Iron,0.75,0.5,9,51.0,59.0,8.0,0.38,0.43,0.04999999999999999,0.006249999999999999
2,1,Cast Iron,0.75,0.5,10,59.0,66.0,7.0,0.43,0.48,0.04999999999999999,0.007142857142857141
2,1,Cast Iron,0.75,0.5,11,66.0,72.0,6.0,0.48,0.55,0.07000000000000006,0.011666666666666678
3,1,Cast Iron,0.75,0.25,1,0.0,3.0,3.0,0.0,0.13,0.13,0.043333333333333335
3,1,Cast Iron,0.75,0.25,2,3.0,9.0,6.0,0.13,0.13,0.0,0.0
3,1,Cast Iron,0.75,0.25,3,9.0,21.0,12.0,0.13,0.17,0.04000000000000001,0.003333333333333334
3,1,Cast Iron,0.75,0.25,4,21.0,27.0,6.0,0.17,0.19,0.01999999999999999,0.003333333333333332
3,1,Cast Iron,0.75,0.25,5,27.0,33.0,6.0,0.19,0.2,0.010000000000000009,0.001666666666666668
3,1,Cast Iron,0.75,0.25,6,33.0,39.0,6.0,0.2,0.23,0.03,0.005
3,1,Cast Iron,0.75,0.25,7,39.0,45.0,6.0,0.23,0.23,0.0,0.0
3,1,Cast Iron,0.75,0.25,8,45.0,51.0,6.0,0.23,0.26,0.03,0.005
3,1,Cast Iron,0.75,0.25,9,51.0,57.0,6.0,0.26,0.28,0.020000000000000018,0.003333333333333336
3,1,Cast Iron,0.75,0.25,10,57.0,63.0,6.0,0.28,0.33,0.04999999999999999,0.008333333333333331
3,1,Cast Iron,0.75,0.25,11,63.0,69.0,6.0,0.33,0.36,0.02999999999999997,0.004999999999999995
3,1,Cast Iron,0.75,0.25,12,69.0,75.0,6.0,0.36,0.44,0.08000000000000002,0.013333333333333336
3,1,Cast Iron,0.75,0.25,13,75.0,81.0,6.0,0.44,0.55,0.11000000000000004,0.01833333333333334
4,1,Cast Iron,1.5,0.25,1,3.0,9.0,6.0,0.08,0.13,0.05,0.008333333333333333
4,1,Cast Iron,1.5,0.25,2,9.0,15.0,6.0,0.13,0.2,0.07,0.011666666666666667
4,1,Cast Iron,1.5,0.25,3,15.0,21.0,6.0,0.2,0.31,0.10999999999999999,0.01833333333333333
4,1,Cast Iron,1.5,0.25,4,21.0,27.0,6.0,0.31,0.35,0.03999999999999998,0.006666666666666664
4,1,Cast Iron,1.5,0.25,5,27.0,34.0,7.0,0.35,0.4,0.050000000000000044,0.00714285714285715
4,1,Cast Iron,1.5,0.25,6,34.0,39.0,5.0,0.4,0.49,0.08999999999999997,0.017999999999999995
5,1,Stainless Steel J45,1.5,0.5,1,0.0,3.0,3.0,0.0,0.16,0.16,0.05333333333333334
5,1,Stainless Steel J45,1.5,0.5,2,3.0,6.0,3.0,0.16,0.29,0.12999999999999998,0.04333333333333333
5,1,Stainless Steel J45,1.5,0.5,3,6.0,9.0,3.0,0.29,0.44,0.15000000000000002,0.05000000000000001
5,1,Stainless Steel J45,1.5,0.5,4,9.0,12.0,3.0,0.44,0.53,0.09000000000000002,0.03000000000000001
5,1,Stainless Steel J45,1.5,0.5,5,12.0,15.0,3.0,0.53,0.74,0.20999999999999996,0.06999999999999999
7,1,Stainless Steel J45,0.75,0.25,1,1.0,3.0,2.0,0.0,0.09,0.09,0.045
7,1,Stainless Steel J45,0.75,0.25,2,3.0,6.0,3.0,0.09,0.13,0.04000000000000001,0.013333333333333336
7,1,Stainless Steel J45,0.75,0.25,3,6.0,10.0,4.0,0.13,0.22,0.09,0.0225
7,1,Stainless Steel J45,0.75,0.25,4,10.0,13.0,3.0,0.22,0.24,0.01999999999999999,0.006666666666666664
7,1,Stainless Steel J45,0.75,0.25,5,13.0,15.0,2.0,0.24,0.34,0.10000000000000003,0.05000000000000002
7,1,Stainless Steel J45,0.75,0.25,6,15.0,19.0,4.0,0.34,0.46,0.12,0.03
8,1,Stainless Steel J45,0.75,0.5,1,0.0,3.0,3.0,0.0,0.18,0.18,0.06
8,1,Stainless Steel J45,0.75,0.5,2,3.0,6.0,3.0,0.18,0.3,0.12,0.04
8,1,Stainless Steel J45,0.75,0.5,3,6.0,9.0,3.0,0.3,0.44,0.14,0.04666666666666667
8,1,Stainless Steel J45,0.75,0.5,4,9.0,12.0,3.0,0.44,0.62,0.18,0.06
9,2,Cast Iron,1.5,0.5,1,1.0,3.0,2.0,0.0,0.1,0.1,0.05
9,2,Cast Iron,1.5,0.5,2,3.0,9.0,6.0,0.1,0.14,0.04000000000000001,0.006666666666666668
9,2,Cast Iron,1.5,0.5,3,9.0,16.0,7.0,0.14,0.19,0.04999999999999999,0.007142857142857141
9,2,Cast Iron,1.5,0.5,4,16.0,22.0,6.0,0.19,0.27,0.08000000000000002,0.013333333333333336
9,2,Cast Iron,1.5,0.5,5,22.0,28.0,6.0,0.27,0.38,0.10999999999999999,0.01833333333333333
9,2,Cast Iron,1.5,0.5,6,28.0,34.0,6.0,0.38,0.47,0.08999999999999997,0.014999999999999994
9,2,Cast Iron,1.5,0.5,7,34.0,40.0,6.0,0.47,0.64,0.17000000000000004,0.02833333333333334
9,2,Cast Iron,1.5,0.5,8,40.0,46.0,6.0,0.64,0.81,0.17000000000000004,0.02833333333333334
10,2,Cast Iron,1.5,0.25,1,0.0,4.0,4.0,0.0,0.04,0.04,0.01
10,2,Cast Iron,1.5,0.25,2,4.0,9.0,5.0,0.04,0.08,0.04,0.008
10,2,Cast Iron,1.5,0.25,3,9.0,15.0,6.0,0.08,0.16,0.08,0.013333333333333334
10,2,Cast Iron,1.5,0.25,4,15.0,21.0,6.0,0.16,0.25,0.09,0.015
10,2,Cast Iron,1.5,0.25,5,21.0,27.0,6.0,0.25,0.36,0.10999999999999999,0.01833333333333333
10,2,Cast Iron,1.5,0.25,6,27.0,33.0,6.0,0.36,0.43,0.07,0.011666666666666667
10,2,Cast Iron,1.5,0.25,7,33.0,39.0,6.0,0.43,0.47,0.03999999999999998,0.006666666666666664
10,2,Cast Iron,1.5,0.25,8,39.0,45.0,6.0,0.47,0.53,0.06000000000000005,0.010000000000000009
10,2,Cast Iron,1.5,0.25,9,45.0,57.0,12.0,0.53,0.7,0.16999999999999993,0.01416666666666666
11,2,Cast Iron,0.75,0.25,1,1.0,3.0,2.0,0.0,0.04,0.04,0.02
11,2,Cast Iron,0.75,0.25,2,3.0,10.0,7.0,0.04,0.07,0.030000000000000006,0.004285714285714287
11,2,Cast Iron,0.75,0.25,3,10.0,12.0,2.0,0.07,0.07,0.0,0.0
11,2,Cast Iron,0.75,0.25,4,12.0,14.0,2.0,0.07,0.08,0.009999999999999995,0.0049999999999999975
11,2,Cast Iron,0.75,0.25,5,14.0,17.0,3.0,0.08,0.09,0.009999999999999995,0.003333333333333332
11,2,Cast Iron,0.75,0.25,6,17.0,21.0,4.0,0.09,0.12,0.03,0.0075
11,2,Cast Iron,0.75,0.25,7,21.0,27.0,6.0,0.12,0.16,0.04000000000000001,0.006666666666666668
11,2,Cast Iron,0.75,0.25,8,27.0,33.0,6.0,0.16,0.18,0.01999999999999999,0.003333333333333332
11,2,Cast Iron,0.75,0.25,9,33.0,39.0,6.0,0.18,0.2,0.020000000000000018,0.003333333333333336
11,2,Cast Iron,0.75,0.25,10,39.0,45.0,6.0,0.2,0.23,0.03,0.005
11,2,Cast Iron,0.75,0.25,11,45.0,51.0,6.0,0.23,0.26,0.03,0.005
11,2,Cast Iron,0.75,0.25,12,51.0,57.0,6.0,0.26,0.31,0.04999999999999999,0.008333333333333331
11,2,Cast Iron,0.75,0.25,13,57.0,63.0,6.0,0.31,0.37,0.06,0.01
11,2,Cast Iron,0.75,0.25,14,63.0,72.0,9.0,0.37,0.42,0.04999999999999999,0.005555555555555554
11,2,Cast Iron,0.75,0.25,15,72.0,80.0,8.0,0.42,0.47,0.04999999999999999,0.006249999999999999
11,2,Cast Iron,0.75,0.25,16,80.0,86.0,6.0,0.47,0.57,0.09999999999999998,0.016666666666666663
11,2,Cast Iron,0.75,0.25,17,86.0,93.0,7.0,0.57,0.65,0.08000000000000007,0.011428571428571439
11,2,Cast Iron,0.75,0.25,18,93.0,100.0,7.0,0.65,0.68,0.030000000000000027,0.004285714285714289
11,2,Cast Iron,0.75,0.25,19,100.0,105.0,5.0,0.68,0.76,0.07999999999999996,0.015999999999999993
12,2,Cast Iron,0.75,0.5,1,3.0,6.0,3.0,0.05,0.08,0.03,0.01
12,2,Cast Iron,0.75,0.5,2,6.0,19.0,13.0,0.08,0.12,0.039999999999999994,0.0030769230769230765
12,2,Cast Iron,0.75,0.5,3,19.0,24.0,5.0,0.12,0.17,0.05000000000000002,0.010000000000000004
12,2,Cast Iron,0.75,0.5,4,24.0,30.0,6.0,0.17,0.2,0.03,0.005
12,2,Cast Iron,0.75,0.5,5,30.0,36.0,6.0,0.2,0.24,0.03999999999999998,0.006666666666666664
12,2,Cast Iron,0.75,0.5,6,36.0,42.0,6.0,0.24,0.32,0.08000000000000002,0.013333333333333336
12,2,Cast Iron,0.75,0.5,7,42.0,49.0,7.0,0.32,0.4,0.08000000000000002,0.01142857142857143
12,2,Cast Iron,0.75,0.5,8,49.0,55.0,6.0,0.4,0.45,0.04999999999999999,0.008333333333333331
12,2,Cast Iron,0.75,0.5,9,55.0,61.0,6.0,0.45,0.49,0.03999999999999998,0.006666666666666664
12,2,Cast Iron,0.75,0.5,10,61.0,67.0,6.0,0.49,0.58,0.08999999999999997,0.014999999999999994
12,2,Cast Iron,0.75,0.5,11,67.0,74.0,7.0,0.58,0.65,0.07000000000000006,0.010000000000000009
13,2,Stainless Steel J45,0.75,0.25,1,4.0,7.0,3.0,0.1,0.13,0.03,0.01
13,2,Stainless Steel J45,0.75,0.25,2,7.0,11.0,4.0,0.13,0.17,0.04000000000000001,0.010000000000000002
13,2,Stainless Steel J45,0.75,0.25,3,11.0,16.0,5.0,0.17,0.32,0.15,0.03
13,2,Stainless Steel J45,0.75,0.25,4,16.0,19.0,3.0,0.32,0.38,0.06,0.02
13,2,Stainless Steel J45,0.75,0.25,5,19.0,22.0,3.0,0.38,0.49,0.10999999999999999,0.03666666666666666
13,2,Stainless Steel J45,0.75,0.25,6,22.0,25.0,3.0,0.49,0.56,0.07000000000000006,0.023333333333333355
13,2,Stainless Steel J45,0.75,0.25,7,25.0,29.0,4.0,0.56,0.68,0.12,0.03
13,2,Stainless Steel J45,0.75,0.25,8,29.0,32.0,3.0,0.68,0.83,0.1499999999999999,0.04999999999999997
13,2,Stainless Steel J45,0.75,0.25,9,32.0,35.0,3.0,0.83,0.92,0.09000000000000008,0.030000000000000027
13,2,Stainless Steel J45,0.75,0.25,10,35.0,38.0,3.0,0.92,1.07,0.15000000000000002,0.05000000000000001
13,2,Stainless Steel J45,0.75,0.25,11,38.0,42.0,4.0,1.07,1.3,0.22999999999999998,0.057499999999999996
13,2,Stainless Steel J45,0.75,0.25,12,42.0,45.0,3.0,1.3,1.53,0.22999999999999998,0.07666666666666666
14,2,Stainless Steel J45,0.75,0.5,1,3.0,6.0,3.0,0.09,0.17,0.08000000000000002,0.026666666666666672
14,2,Stainless Steel J45,0.75,0.5,2,6.0,9.0,3.0,0.17,0.24,0.06999999999999998,0.023333333333333327
14,2,Stainless Steel J45,0.75,0.5,3,9.0,12.0,3.0,0.24,0.35,0.10999999999999999,0.03666666666666666
14,2,Stainless Steel J45,0.75,0.5,4,12.0,18.0,6.0,0.35,0.6,0.25,0.041666666666666664
14,2,Stainless Steel J45,0.75,0.5,5,18.0,21.0,3.0,0.6,0.81,0.21000000000000008,0.07000000000000002
14,2,Stainless Steel J45,0.75,0.5,6,21.0,24.0,3.0,0.81,1.14,0.32999999999999985,0.10999999999999995
15,2,Stainless Steel J45,1.5,0.25,1,3.0,6.0,3.0,0.15,0.28,0.13000000000000003,0.04333333333333334
15,2,Stainless Steel J45,1.5,0.25,2,6.0,9.0,3.0,0.28,0.37,0.08999999999999997,0.02999999999999999
15,2,Stainless Steel J45,1.5,0.25,3,9.0,13.0,4.0,0.37,0.48,0.10999999999999999,0.027499999999999997
15,2,Stainless Steel J45,1.5,0.25,4,13.0,16.0,3.0,0.48,0.56,0.08000000000000007,0.02666666666666669
15,2,Stainless Steel J45,1.5,0.25,5,16.0,19.0,3.0,0.56,0.7,0.1399999999999999,0.046666666666666634
16,2,Stainless Steel J45,1.5,0.5,1,3.0,6.0,3.0,0.24,0.4,0.16000000000000003,0.053333333333333344
16,2,Stainless Steel J45,1.5,0.5,2,6.0,9.0,3.0,0.4,0.62,0.21999999999999997,0.07333333333333332
