case,replicate,material,DOC_mm,feed_mm_rev,vf_mm_min,MRR_prime_mm2_min,total_passes,valid_passes,init_time_min,init_VB_mm,final_time_min,final_VB_mm,time_span_min,total_delta_VB_mm,median_interval_rate_mm_min,mean_interval_rate_mm_min,min_interval_rate_mm_min,max_interval_rate_mm_min,time_to_030_min,passes_to_030,material_removed_proxy_030_mm2,time_to_050_min,time_to_080_min,quality_flag
1,1,Cast Iron,1.5,0.5,413.0,619.5,17,13,2.0,0.0,48.0,0.44,46.0,0.44,0.009999999999999992,0.009645833333333334,-0.015,0.03000000000000001,29.333333333333332,10.11111111111111,18172.0,44.0,,VALID_TRAJECTORY
2,1,Cast Iron,0.75,0.5,413.0,309.75,14,12,9.0,0.14,72.0,0.55,63.0,0.41000000000000003,0.006666666666666668,0.0059837662337662335,0.0,0.011666666666666678,43.8,9.8,13567.05,67.71428571428571,,VALID_TRAJECTORY (Run 1 Corrupted Sensor)
3,1,Cast Iron,0.75,0.25,206.5,154.875,14,14,0.0,0.0,81.0,0.55,81.0,0.55,0.004999999999999995,0.008461538461538463,0.0,0.043333333333333335,59.4,11.399999999999999,9199.574999999999,78.27272727272727,,VALID_TRAJECTORY
4,1,Cast Iron,1.5,0.25,206.5,309.75,7,7,3.0,0.08,39.0,0.49,36.0,0.41,0.01,0.01169047619047619,0.006666666666666664,0.01833333333333333,20.454545454545453,3.909090909090909,6335.795454545454,,,VALID_TRAJECTORY
5,1,Stainless Steel J45,1.5,0.5,413.0,619.5,6,6,0.0,0.0,15.0,0.74,15.0,0.74,0.05000000000000001,0.049333333333333326,0.03000000000000001,0.06999999999999999,6.2,3.066666666666667,3840.9,11.0,,VALID_TRAJECTORY
6,1,Stainless Steel J45,1.5,0.25,206.5,309.75,1,1,0.0,0.0,0.0,0.0,0.0,0.0,,,,,,,,,,"ABORTED_EXPERIMENT (Only 1 Pass, VB=0.0)"
7,1,Stainless Steel J45,0.75,0.25,206.5,154.875,8,7,1.0,0.0,19.0,0.46,18.0,0.46,0.02625,0.02791666666666667,0.006666666666666664,0.05000000000000002,14.2,5.6,2199.225,,,VALID_TRAJECTORY
8,1,Stainless Steel J45,0.75,0.5,413.0,309.75,6,5,0.0,0.0,12.0,0.62,12.0,0.62,0.05333333333333333,0.051666666666666666,0.04,0.06,6.0,3.0,1858.5,10.0,,VALID_TRAJECTORY
9,2,Cast Iron,1.5,0.5,413.0,619.5,9,9,1.0,0.0,46.0,0.81,45.0,0.81,0.016666666666666663,0.020892857142857144,0.006666666666666668,0.05,23.636363636363633,5.2727272727272725,14642.72727272727,35.05882352941177,45.64705882352941,VALID_TRAJECTORY
10,2,Cast Iron,1.5,0.25,206.5,309.75,10,10,0.0,0.0,57.0,0.7,57.0,0.7,0.011666666666666667,0.011907407407407408,0.006666666666666664,0.01833333333333333,23.727272727272727,5.454545454545454,7349.522727272727,42.0,,VALID_TRAJECTORY
11,2,Cast Iron,0.75,0.25,206.5,154.875,23,20,1.0,0.0,105.0,0.76,104.0,0.76,0.005555555555555554,0.007472222222222222,0.0,0.02,55.8,14.6,8642.025,81.8,,VALID_TRAJECTORY
12,2,Cast Iron,0.75,0.5,413.0,309.75,15,12,3.0,0.05,74.0,0.65,71.0,0.6,0.01,0.009045954045954048,0.0030769230769230765,0.014999999999999994,40.5,8.75,12544.875,61.666666666666664,,VALID_TRAJECTORY (Run 1 Corrupted Sensor & Missing VB)
13,2,Stainless Steel J45,0.75,0.25,206.5,154.875,15,13,4.0,0.1,45.0,1.53,41.0,1.43,0.030000000000000013,0.03534722222222222,0.01,0.07666666666666666,15.333333333333332,5.866666666666666,2374.75,22.428571428571427,31.400000000000002,VALID_TRAJECTORY
14,2,Stainless Steel J45,0.75,0.5,413.0,309.75,9,7,3.0,0.09,24.0,1.14,21.0,1.0499999999999998,0.03916666666666666,0.05138888888888888,0.023333333333333327,0.10999999999999995,10.636363636363637,5.090909090909091,3294.6136363636365,15.600000000000001,20.857142857142858,VALID_TRAJECTORY
15,2,Stainless Steel J45,1.5,0.25,206.5,309.75,7,6,3.0,0.15,19.0,0.7,16.0,0.5499999999999999,0.02999999999999999,0.034833333333333334,0.02666666666666669,0.046666666666666634,6.666666666666666,3.222222222222222,2065.0,13.75,,VALID_TRAJECTORY
16,2,Stainless Steel J45,1.5,0.5,413.0,619.5,6,3,3.0,0.24,9.0,0.62,6.0,0.38,0.06333333333333332,0.06333333333333332,0.053333333333333344,0.07333333333333332,4.125,3.75,2555.4375,7.363636363636363,,VALID_TRAJECTORY
