sensor,feature,column_name,domain,role,interpretation,pearson_VB,spearman_VB,within_tool_median_spearman,within_tool_positive_fraction,spearman_Material,spearman_DOC,spearman_Feed,clipping_risk
smcAC,rms,smcAC_rms,Time,Core,AC spindle motor current dynamic energy (cutting force proxy),0.654,0.753,0.993,14/14,0.148,0.553,0.399,None
smcAC,std,smcAC_std,Time,Secondary,Torque fluctuation standard deviation (high collinearity with RMS),0.654,0.753,0.993,14/14,0.148,0.553,0.4,None
smcAC,p2p,smcAC_p2p,Time,Secondary,Peak-to-peak AC current excursion,0.606,0.685,0.991,14/14,0.138,0.583,0.474,None
smcAC,kurtosis,smcAC_kurtosis,Time,Secondary,AC current peakedness / impact sensitivity,-0.112,-0.062,-0.298,3/14,-0.109,0.413,0.808,None
smcAC,crest,smcAC_crest,Time,Secondary,AC current crest factor (peak to RMS ratio),-0.18,-0.122,-0.471,5/14,0.022,0.263,0.471,None
smcAC,spindle_band_pwr,smcAC_spindle_band_pwr,Frequency,Core,Spectral power at spindle rotational harmonic (11-16.5 Hz),0.623,0.756,0.993,14/14,0.147,0.55,0.4,None
smcDC,mean,smcDC_mean,Time,Diagnostic / Conditional,DC current average motor load (CLIPPED at +10V in 41 runs),0.706,0.783,0.983,14/14,0.172,0.523,0.311,HIGH RISK (saturated at +10V in 41 runs)
smcDC,std,smcDC_std,Time,Diagnostic / Conditional,DC current ripple amplitude (variance affected by clipping),0.509,0.596,0.957,14/14,0.093,0.562,0.59,HIGH RISK (saturated at +10V in 41 runs)
vib_table,mean,vib_table_mean,Time,Secondary,Table vibration RMS envelope mean level,-0.205,-0.205,-0.588,5/14,0.257,0.379,0.158,None
vib_table,std,vib_table_std,Time,Secondary,Table vibration envelope fluctuation amplitude,-0.332,-0.353,-0.679,3/14,0.196,0.363,0.275,None
vib_table,p2p,vib_table_p2p,Time,Secondary,Table vibration peak-to-peak amplitude range,-0.148,-0.231,-0.653,2/14,0.628,0.253,0.224,None
vib_table,kurtosis,vib_table_kurtosis,Time,Secondary,Table vibration impact shock peakedness,0.223,0.351,0.426,8/14,0.607,0.034,-0.249,None
vib_table,spindle_band_pwr,vib_table_spindle_band_pwr,Frequency,Core,Table vibration power at spindle rotational freq (11-16.5 Hz),-0.224,-0.366,-0.758,4/14,0.187,-0.141,-0.105,None
vib_table,tooth_band_pwr,vib_table_tooth_band_pwr,Frequency,Core,Table vibration power at tooth passing freq (75-90 Hz),-0.097,-0.2,-0.71,3/14,0.545,0.322,0.168,None
vib_spindle,mean,vib_spindle_mean,Time,Secondary,Spindle vibration RMS envelope baseline level,-0.319,-0.547,-0.821,0/14,-0.254,0.195,0.384,None
vib_spindle,p2p,vib_spindle_p2p,Time,Core,Spindle vibration peak excursion (edge micro-fractures),0.375,0.521,0.609,13/14,0.087,-0.157,0.224,None
vib_spindle,kurtosis,vib_spindle_kurtosis,Time,Core,Spindle vibration impact peakedness (low DOC/Feed bias),0.383,0.591,0.528,12/14,0.203,-0.214,-0.15,None
AE_table,mean,AE_table_mean,Time,Secondary,Table acoustic emission envelope mean (friction/deformation),0.493,0.668,0.951,14/14,-0.259,0.527,0.305,None
AE_table,rms,AE_table_rms,Time,Core,Table acoustic emission effective energy (flank friction contact),0.502,0.668,0.957,14/14,-0.237,0.537,0.325,None
AE_table,p2p,AE_table_p2p,Time,Secondary,Table acoustic emission burst peak-to-peak range,0.545,0.674,0.804,14/14,0.096,0.486,0.37,None
AE_table,kurtosis,AE_table_kurtosis,Time,Secondary,Table acoustic burst peakedness (metallurgy/burst indicator),0.114,0.135,0.036,7/14,0.75,-0.208,-0.395,None
AE_spindle,mean,AE_spindle_mean,Time,Secondary,Spindle acoustic emission envelope baseline,0.42,0.573,0.922,14/14,-0.503,0.325,0.288,None
AE_spindle,rms,AE_spindle_rms,Time,Secondary,Spindle acoustic emission energy,0.44,0.594,0.901,14/14,-0.465,0.331,0.298,None
AE_spindle,p2p,AE_spindle_p2p,Time,Core,"Spindle acoustic emission burst range (wear-sensitive, lower DOC bias)",0.537,0.672,0.785,14/14,-0.12,0.237,0.348,None
AE_spindle,kurtosis,AE_spindle_kurtosis,Time,Secondary,Spindle acoustic emission burst peakedness,0.067,0.257,0.121,8/14,0.612,-0.178,-0.231,None
