case,run,condition_id,material_name,DOC_mm,feed_mm_rev,VB_mm,model_name,prediction,residual
1,1,C4_CastIron_d1.50_f0.50,Cast Iron,1.5,0.5,0.0,Mean Baseline,0.3424242424242424,-0.3424242424242424
1,4,C4_CastIron_d1.50_f0.50,Cast Iron,1.5,0.5,0.11,Mean Baseline,0.3424242424242424,-0.23242424242424242
1,6,C4_CastIron_d1.50_f0.50,Cast Iron,1.5,0.5,0.2,Mean Baseline,0.3424242424242424,-0.1424242424242424
1,7,C4_CastIron_d1.50_f0.50,Cast Iron,1.5,0.5,0.24,Mean Baseline,0.3424242424242424,-0.10242424242424242
1,8,C4_CastIron_d1.50_f0.50,Cast Iron,1.5,0.5,0.29,Mean Baseline,0.3424242424242424,-0.05242424242424243
1,9,C4_CastIron_d1.50_f0.50,Cast Iron,1.5,0.5,0.28,Mean Baseline,0.3424242424242424,-0.06242424242424238
1,10,C4_CastIron_d1.50_f0.50,Cast Iron,1.5,0.5,0.29,Mean Baseline,0.3424242424242424,-0.05242424242424243
1,11,C4_CastIron_d1.50_f0.50,Cast Iron,1.5,0.5,0.38,Mean Baseline,0.3424242424242424,0.037575757575757596
1,12,C4_CastIron_d1.50_f0.50,Cast Iron,1.5,0.5,0.4,Mean Baseline,0.3424242424242424,0.05757575757575761
1,13,C4_CastIron_d1.50_f0.50,Cast Iron,1.5,0.5,0.43,Mean Baseline,0.3424242424242424,0.08757575757575758
1,14,C4_CastIron_d1.50_f0.50,Cast Iron,1.5,0.5,0.45,Mean Baseline,0.3424242424242424,0.1075757575757576
1,15,C4_CastIron_d1.50_f0.50,Cast Iron,1.5,0.5,0.5,Mean Baseline,0.3424242424242424,0.1575757575757576
1,17,C4_CastIron_d1.50_f0.50,Cast Iron,1.5,0.5,0.44,Mean Baseline,0.3424242424242424,0.0975757575757576
2,2,C2_CastIron_d0.75_f0.50,Cast Iron,0.75,0.5,0.14,Mean Baseline,0.3445864661654135,-0.20458646616541348
2,3,C2_CastIron_d0.75_f0.50,Cast Iron,0.75,0.5,0.14,Mean Baseline,0.3445864661654135,-0.20458646616541348
2,4,C2_CastIron_d0.75_f0.50,Cast Iron,0.75,0.5,0.14,Mean Baseline,0.3445864661654135,-0.20458646616541348
2,5,C2_CastIron_d0.75_f0.50,Cast Iron,0.75,0.5,0.15,Mean Baseline,0.3445864661654135,-0.1945864661654135
2,7,C2_CastIron_d0.75_f0.50,Cast Iron,0.75,0.5,0.18,Mean Baseline,0.3445864661654135,-0.1645864661654135
2,8,C2_CastIron_d0.75_f0.50,Cast Iron,0.75,0.5,0.22,Mean Baseline,0.3445864661654135,-0.1245864661654135
2,9,C2_CastIron_d0.75_f0.50,Cast Iron,0.75,0.5,0.26,Mean Baseline,0.3445864661654135,-0.08458646616541349
2,10,C2_CastIron_d0.75_f0.50,Cast Iron,0.75,0.5,0.31,Mean Baseline,0.3445864661654135,-0.0345864661654135
2,11,C2_CastIron_d0.75_f0.50,Cast Iron,0.75,0.5,0.38,Mean Baseline,0.3445864661654135,0.03541353383458651
2,12,C2_CastIron_d0.75_f0.50,Cast Iron,0.75,0.5,0.43,Mean Baseline,0.3445864661654135,0.0854135338345865
2,13,C2_CastIron_d0.75_f0.50,Cast Iron,0.75,0.5,0.48,Mean Baseline,0.3445864661654135,0.13541353383458649
2,14,C2_CastIron_d0.75_f0.50,Cast Iron,0.75,0.5,0.55,Mean Baseline,0.3445864661654135,0.20541353383458655
3,1,C1_CastIron_d0.75_f0.25,Cast Iron,0.75,0.25,0.0,Mean Baseline,0.34893129770992365,-0.34893129770992365
3,2,C1_CastIron_d0.75_f0.25,Cast Iron,0.75,0.25,0.13,Mean Baseline,0.34893129770992365,-0.21893129770992364
3,3,C1_CastIron_d0.75_f0.25,Cast Iron,0.75,0.25,0.13,Mean Baseline,0.34893129770992365,-0.21893129770992364
3,5,C1_CastIron_d0.75_f0.25,Cast Iron,0.75,0.25,0.17,Mean Baseline,0.34893129770992365,-0.17893129770992364
3,6,C1_CastIron_d0.75_f0.25,Cast Iron,0.75,0.25,0.19,Mean Baseline,0.34893129770992365,-0.15893129770992365
3,7,C1_CastIron_d0.75_f0.25,Cast Iron,0.75,0.25,0.2,Mean Baseline,0.34893129770992365,-0.14893129770992364
3,8,C1_CastIron_d0.75_f0.25,Cast Iron,0.75,0.25,0.23,Mean Baseline,0.34893129770992365,-0.11893129770992364
3,9,C1_CastIron_d0.75_f0.25,Cast Iron,0.75,0.25,0.23,Mean Baseline,0.34893129770992365,-0.11893129770992364
3,10,C1_CastIron_d0.75_f0.25,Cast Iron,0.75,0.25,0.26,Mean Baseline,0.34893129770992365,-0.08893129770992364
3,11,C1_CastIron_d0.75_f0.25,Cast Iron,0.75,0.25,0.28,Mean Baseline,0.34893129770992365,-0.06893129770992362
3,12,C1_CastIron_d0.75_f0.25,Cast Iron,0.75,0.25,0.33,Mean Baseline,0.34893129770992365,-0.018931297709923633
3,14,C1_CastIron_d0.75_f0.25,Cast Iron,0.75,0.25,0.36,Mean Baseline,0.34893129770992365,0.011068702290076338
3,15,C1_CastIron_d0.75_f0.25,Cast Iron,0.75,0.25,0.44,Mean Baseline,0.34893129770992365,0.09106870229007635
3,16,C1_CastIron_d0.75_f0.25,Cast Iron,0.75,0.25,0.55,Mean Baseline,0.34893129770992365,0.2010687022900764
4,1,C3_CastIron_d1.50_f0.25,Cast Iron,1.5,0.25,0.08,Mean Baseline,0.3423913043478261,-0.2623913043478261
4,2,C3_CastIron_d1.50_f0.25,Cast Iron,1.5,0.25,0.13,Mean Baseline,0.3423913043478261,-0.2123913043478261
4,3,C3_CastIron_d1.50_f0.25,Cast Iron,1.5,0.25,0.2,Mean Baseline,0.3423913043478261,-0.1423913043478261
4,4,C3_CastIron_d1.50_f0.25,Cast Iron,1.5,0.25,0.31,Mean Baseline,0.3423913043478261,-0.03239130434782611
4,5,C3_CastIron_d1.50_f0.25,Cast Iron,1.5,0.25,0.35,Mean Baseline,0.3423913043478261,0.007608695652173869
4,6,C3_CastIron_d1.50_f0.25,Cast Iron,1.5,0.25,0.4,Mean Baseline,0.3423913043478261,0.057608695652173914
4,7,C3_CastIron_d1.50_f0.25,Cast Iron,1.5,0.25,0.49,Mean Baseline,0.3423913043478261,0.14760869565217388
9,1,C4_CastIron_d1.50_f0.50,Cast Iron,1.5,0.5,0.0,Mean Baseline,0.3397794117647059,-0.3397794117647059
9,2,C4_CastIron_d1.50_f0.50,Cast Iron,1.5,0.5,0.1,Mean Baseline,0.3397794117647059,-0.23977941176470588
9,3,C4_CastIron_d1.50_f0.50,Cast Iron,1.5,0.5,0.14,Mean Baseline,0.3397794117647059,-0.19977941176470587
9,4,C4_CastIron_d1.50_f0.50,Cast Iron,1.5,0.5,0.19,Mean Baseline,0.3397794117647059,-0.14977941176470588
9,5,C4_CastIron_d1.50_f0.50,Cast Iron,1.5,0.5,0.27,Mean Baseline,0.3397794117647059,-0.06977941176470587
9,6,C4_CastIron_d1.50_f0.50,Cast Iron,1.5,0.5,0.38,Mean Baseline,0.3397794117647059,0.04022058823529412
9,7,C4_CastIron_d1.50_f0.50,Cast Iron,1.5,0.5,0.47,Mean Baseline,0.3397794117647059,0.1302205882352941
9,8,C4_CastIron_d1.50_f0.50,Cast Iron,1.5,0.5,0.64,Mean Baseline,0.3397794117647059,0.30022058823529413
9,9,C4_CastIron_d1.50_f0.50,Cast Iron,1.5,0.5,0.81,Mean Baseline,0.3397794117647059,0.47022058823529417
10,1,C3_CastIron_d1.50_f0.25,Cast Iron,1.5,0.25,0.0,Mean Baseline,0.34214814814814815,-0.34214814814814815
10,2,C3_CastIron_d1.50_f0.25,Cast Iron,1.5,0.25,0.04,Mean Baseline,0.34214814814814815,-0.30214814814814817
10,3,C3_CastIron_d1.50_f0.25,Cast Iron,1.5,0.25,0.08,Mean Baseline,0.34214814814814815,-0.26214814814814813
10,4,C3_CastIron_d1.50_f0.25,Cast Iron,1.5,0.25,0.16,Mean Baseline,0.34214814814814815,-0.18214814814814814
10,5,C3_CastIron_d1.50_f0.25,Cast Iron,1.5,0.25,0.25,Mean Baseline,0.34214814814814815,-0.09214814814814815
10,6,C3_CastIron_d1.50_f0.25,Cast Iron,1.5,0.25,0.36,Mean Baseline,0.34214814814814815,0.01785185185185184
10,7,C3_CastIron_d1.50_f0.25,Cast Iron,1.5,0.25,0.43,Mean Baseline,0.34214814814814815,0.08785185185185185
10,8,C3_CastIron_d1.50_f0.25,Cast Iron,1.5,0.25,0.47,Mean Baseline,0.34214814814814815,0.12785185185185183
10,9,C3_CastIron_d1.50_f0.25,Cast Iron,1.5,0.25,0.53,Mean Baseline,0.34214814814814815,0.18785185185185188
10,10,C3_CastIron_d1.50_f0.25,Cast Iron,1.5,0.25,0.7,Mean Baseline,0.34214814814814815,0.3578518518518518
11,1,C1_CastIron_d0.75_f0.25,Cast Iron,0.75,0.25,0.0,Mean Baseline,0.34784,-0.34784
11,2,C1_CastIron_d0.75_f0.25,Cast Iron,0.75,0.25,0.04,Mean Baseline,0.34784,-0.30784
11,3,C1_CastIron_d0.75_f0.25,Cast Iron,0.75,0.25,0.07,Mean Baseline,0.34784,-0.27784
11,4,C1_CastIron_d0.75_f0.25,Cast Iron,0.75,0.25,0.07,Mean Baseline,0.34784,-0.27784
11,5,C1_CastIron_d0.75_f0.25,Cast Iron,0.75,0.25,0.08,Mean Baseline,0.34784,-0.26783999999999997
11,6,C1_CastIron_d0.75_f0.25,Cast Iron,0.75,0.25,0.09,Mean Baseline,0.34784,-0.25783999999999996
11,8,C1_CastIron_d0.75_f0.25,Cast Iron,0.75,0.25,0.12,Mean Baseline,0.34784,-0.22784
11,9,C1_CastIron_d0.75_f0.25,Cast Iron,0.75,0.25,0.16,Mean Baseline,0.34784,-0.18783999999999998
11,10,C1_CastIron_d0.75_f0.25,Cast Iron,0.75,0.25,0.18,Mean Baseline,0.34784,-0.16784
11,11,C1_CastIron_d0.75_f0.25,Cast Iron,0.75,0.25,0.2,Mean Baseline,0.34784,-0.14783999999999997
11,12,C1_CastIron_d0.75_f0.25,Cast Iron,0.75,0.25,0.23,Mean Baseline,0.34784,-0.11783999999999997
11,13,C1_CastIron_d0.75_f0.25,Cast Iron,0.75,0.25,0.26,Mean Baseline,0.34784,-0.08783999999999997
11,15,C1_CastIron_d0.75_f0.25,Cast Iron,0.75,0.25,0.31,Mean Baseline,0.34784,-0.037839999999999985
11,16,C1_CastIron_d0.75_f0.25,Cast Iron,0.75,0.25,0.37,Mean Baseline,0.34784,0.022160000000000013
11,18,C1_CastIron_d0.75_f0.25,Cast Iron,0.75,0.25,0.42,Mean Baseline,0.34784,0.07216
11,19,C1_CastIron_d0.75_f0.25,Cast Iron,0.75,0.25,0.47,Mean Baseline,0.34784,0.12215999999999999
11,20,C1_CastIron_d0.75_f0.25,Cast Iron,0.75,0.25,0.57,Mean Baseline,0.34784,0.22215999999999997
11,21,C1_CastIron_d0.75_f0.25,Cast Iron,0.75,0.25,0.65,Mean Baseline,0.34784,0.30216000000000004
11,22,C1_CastIron_d0.75_f0.25,Cast Iron,0.75,0.25,0.68,Mean Baseline,0.34784,0.33216000000000007
11,23,C1_CastIron_d0.75_f0.25,Cast Iron,0.75,0.25,0.76,Mean Baseline,0.34784,0.41216
12,2,C2_CastIron_d0.75_f0.50,Cast Iron,0.75,0.5,0.05,Mean Baseline,0.34180451127819544,-0.29180451127819546
12,3,C2_CastIron_d0.75_f0.50,Cast Iron,0.75,0.5,0.08,Mean Baseline,0.34180451127819544,-0.26180451127819543
12,5,C2_CastIron_d0.75_f0.50,Cast Iron,0.75,0.5,0.12,Mean Baseline,0.34180451127819544,-0.22180451127819545
12,6,C2_CastIron_d0.75_f0.50,Cast Iron,0.75,0.5,0.17,Mean Baseline,0.34180451127819544,-0.17180451127819543
12,7,C2_CastIron_d0.75_f0.50,Cast Iron,0.75,0.5,0.2,Mean Baseline,0.34180451127819544,-0.14180451127819543
12,8,C2_CastIron_d0.75_f0.50,Cast Iron,0.75,0.5,0.24,Mean Baseline,0.34180451127819544,-0.10180451127819545
12,9,C2_CastIron_d0.75_f0.50,Cast Iron,0.75,0.5,0.32,Mean Baseline,0.34180451127819544,-0.021804511278195438
12,11,C2_CastIron_d0.75_f0.50,Cast Iron,0.75,0.5,0.4,Mean Baseline,0.34180451127819544,0.05819548872180458
12,12,C2_CastIron_d0.75_f0.50,Cast Iron,0.75,0.5,0.45,Mean Baseline,0.34180451127819544,0.10819548872180457
12,13,C2_CastIron_d0.75_f0.50,Cast Iron,0.75,0.5,0.49,Mean Baseline,0.34180451127819544,0.14819548872180455
12,14,C2_CastIron_d0.75_f0.50,Cast Iron,0.75,0.5,0.58,Mean Baseline,0.34180451127819544,0.23819548872180452
12,15,C2_CastIron_d0.75_f0.50,Cast Iron,0.75,0.5,0.65,Mean Baseline,0.34180451127819544,0.3081954887218046
5,1,C8_Stainless_d1.50_f0.50,Stainless Steel J45,1.5,0.5,0.0,Mean Baseline,0.3384892086330935,-0.3384892086330935
5,2,C8_Stainless_d1.50_f0.50,Stainless Steel J45,1.5,0.5,0.16,Mean Baseline,0.3384892086330935,-0.1784892086330935
5,3,C8_Stainless_d1.50_f0.50,Stainless Steel J45,1.5,0.5,0.29,Mean Baseline,0.3384892086330935,-0.04848920863309353
5,4,C8_Stainless_d1.50_f0.50,Stainless Steel J45,1.5,0.5,0.44,Mean Baseline,0.3384892086330935,0.1015107913669065
5,5,C8_Stainless_d1.50_f0.50,Stainless Steel J45,1.5,0.5,0.53,Mean Baseline,0.3384892086330935,0.19151079136690652
5,6,C8_Stainless_d1.50_f0.50,Stainless Steel J45,1.5,0.5,0.74,Mean Baseline,0.3384892086330935,0.4015107913669065
6,1,C7_Stainless_d1.50_f0.25,Stainless Steel J45,1.5,0.25,0.0,Mean Baseline,0.3417361111111111,-0.3417361111111111
7,1,C5_Stainless_d0.75_f0.25,Stainless Steel J45,0.75,0.25,0.0,Mean Baseline,0.34586956521739126,-0.34586956521739126
7,2,C5_Stainless_d0.75_f0.25,Stainless Steel J45,0.75,0.25,0.09,Mean Baseline,0.34586956521739126,-0.25586956521739124
7,3,C5_Stainless_d0.75_f0.25,Stainless Steel J45,0.75,0.25,0.13,Mean Baseline,0.34586956521739126,-0.21586956521739126
7,4,C5_Stainless_d0.75_f0.25,Stainless Steel J45,0.75,0.25,0.22,Mean Baseline,0.34586956521739126,-0.12586956521739126
7,5,C5_Stainless_d0.75_f0.25,Stainless Steel J45,0.75,0.25,0.24,Mean Baseline,0.34586956521739126,-0.10586956521739127
7,6,C5_Stainless_d0.75_f0.25,Stainless Steel J45,0.75,0.25,0.34,Mean Baseline,0.34586956521739126,-0.005869565217391237
7,7,C5_Stainless_d0.75_f0.25,Stainless Steel J45,0.75,0.25,0.46,Mean Baseline,0.34586956521739126,0.11413043478260876
8,1,C6_Stainless_d0.75_f0.50,Stainless Steel J45,0.75,0.5,0.0,Mean Baseline,0.34049999999999997,-0.34049999999999997
8,2,C6_Stainless_d0.75_f0.50,Stainless Steel J45,0.75,0.5,0.18,Mean Baseline,0.34049999999999997,-0.16049999999999998
8,3,C6_Stainless_d0.75_f0.50,Stainless Steel J45,0.75,0.5,0.3,Mean Baseline,0.34049999999999997,-0.04049999999999998
8,5,C6_Stainless_d0.75_f0.50,Stainless Steel J45,0.75,0.5,0.44,Mean Baseline,0.34049999999999997,0.09950000000000003
8,6,C6_Stainless_d0.75_f0.50,Stainless Steel J45,0.75,0.5,0.62,Mean Baseline,0.34049999999999997,0.2795
13,3,C5_Stainless_d0.75_f0.25,Stainless Steel J45,0.75,0.25,0.1,Mean Baseline,0.30856060606060604,-0.20856060606060603
13,4,C5_Stainless_d0.75_f0.25,Stainless Steel J45,0.75,0.25,0.13,Mean Baseline,0.30856060606060604,-0.17856060606060603
13,5,C5_Stainless_d0.75_f0.25,Stainless Steel J45,0.75,0.25,0.17,Mean Baseline,0.30856060606060604,-0.13856060606060602
13,6,C5_Stainless_d0.75_f0.25,Stainless Steel J45,0.75,0.25,0.32,Mean Baseline,0.30856060606060604,0.011439393939393971
13,7,C5_Stainless_d0.75_f0.25,Stainless Steel J45,0.75,0.25,0.38,Mean Baseline,0.30856060606060604,0.07143939393939397
13,8,C5_Stainless_d0.75_f0.25,Stainless Steel J45,0.75,0.25,0.49,Mean Baseline,0.30856060606060604,0.18143939393939396
13,9,C5_Stainless_d0.75_f0.25,Stainless Steel J45,0.75,0.25,0.56,Mean Baseline,0.30856060606060604,0.251439393939394
13,10,C5_Stainless_d0.75_f0.25,Stainless Steel J45,0.75,0.25,0.68,Mean Baseline,0.30856060606060604,0.371439393939394
13,11,C5_Stainless_d0.75_f0.25,Stainless Steel J45,0.75,0.25,0.83,Mean Baseline,0.30856060606060604,0.521439393939394
13,12,C5_Stainless_d0.75_f0.25,Stainless Steel J45,0.75,0.25,0.92,Mean Baseline,0.30856060606060604,0.6114393939393941
13,13,C5_Stainless_d0.75_f0.25,Stainless Steel J45,0.75,0.25,1.07,Mean Baseline,0.30856060606060604,0.761439393939394
13,14,C5_Stainless_d0.75_f0.25,Stainless Steel J45,0.75,0.25,1.3,Mean Baseline,0.30856060606060604,0.991439393939394
13,15,C5_Stainless_d0.75_f0.25,Stainless Steel J45,0.75,0.25,1.53,Mean Baseline,0.30856060606060604,1.221439393939394
14,2,C6_Stainless_d0.75_f0.50,Stainless Steel J45,0.75,0.5,0.09,Mean Baseline,0.33195652173913043,-0.24195652173913043
14,3,C6_Stainless_d0.75_f0.50,Stainless Steel J45,0.75,0.5,0.17,Mean Baseline,0.33195652173913043,-0.16195652173913042
14,4,C6_Stainless_d0.75_f0.50,Stainless Steel J45,0.75,0.5,0.24,Mean Baseline,0.33195652173913043,-0.09195652173913044
14,6,C6_Stainless_d0.75_f0.50,Stainless Steel J45,0.75,0.5,0.35,Mean Baseline,0.33195652173913043,0.01804347826086955
14,8,C6_Stainless_d0.75_f0.50,Stainless Steel J45,0.75,0.5,0.6,Mean Baseline,0.33195652173913043,0.26804347826086955
14,9,C6_Stainless_d0.75_f0.50,Stainless Steel J45,0.75,0.5,0.81,Mean Baseline,0.33195652173913043,0.4780434782608696
14,10,C6_Stainless_d0.75_f0.50,Stainless Steel J45,0.75,0.5,1.14,Mean Baseline,0.33195652173913043,0.8080434782608694
15,2,C7_Stainless_d1.50_f0.25,Stainless Steel J45,1.5,0.25,0.15,Mean Baseline,0.33575539568345325,-0.18575539568345326
15,3,C7_Stainless_d1.50_f0.25,Stainless Steel J45,1.5,0.25,0.28,Mean Baseline,0.33575539568345325,-0.055755395683453224
15,4,C7_Stainless_d1.50_f0.25,Stainless Steel J45,1.5,0.25,0.37,Mean Baseline,0.33575539568345325,0.034244604316546745
15,5,C7_Stainless_d1.50_f0.25,Stainless Steel J45,1.5,0.25,0.48,Mean Baseline,0.33575539568345325,0.14424460431654673
15,6,C7_Stainless_d1.50_f0.25,Stainless Steel J45,1.5,0.25,0.56,Mean Baseline,0.33575539568345325,0.2242446043165468
15,7,C7_Stainless_d1.50_f0.25,Stainless Steel J45,1.5,0.25,0.7,Mean Baseline,0.33575539568345325,0.3642446043165467
16,3,C8_Stainless_d1.50_f0.50,Stainless Steel J45,1.5,0.5,0.24,Mean Baseline,0.33767605633802816,-0.09767605633802817
16,5,C8_Stainless_d1.50_f0.50,Stainless Steel J45,1.5,0.5,0.4,Mean Baseline,0.33767605633802816,0.06232394366197186
16,6,C8_Stainless_d1.50_f0.50,Stainless Steel J45,1.5,0.5,0.62,Mean Baseline,0.33767605633802816,0.28232394366197183
1,1,C4_CastIron_d1.50_f0.50,Cast Iron,1.5,0.5,0.0,Ridge,0.23765507902500793,-0.23765507902500793
1,4,C4_CastIron_d1.50_f0.50,Cast Iron,1.5,0.5,0.11,Ridge,0.2811007532970825,-0.17110075329708252
1,6,C4_CastIron_d1.50_f0.50,Cast Iron,1.5,0.5,0.2,Ridge,0.3437311211818629,-0.14373112118186288
1,7,C4_CastIron_d1.50_f0.50,Cast Iron,1.5,0.5,0.24,Ridge,0.4448495756702899,-0.20484957567028989
1,8,C4_CastIron_d1.50_f0.50,Cast Iron,1.5,0.5,0.29,Ridge,0.4391488521783323,-0.14914885217833235
1,9,C4_CastIron_d1.50_f0.50,Cast Iron,1.5,0.5,0.28,Ridge,0.5024387821753653,-0.22243878217536528
1,10,C4_CastIron_d1.50_f0.50,Cast Iron,1.5,0.5,0.29,Ridge,0.5085811325207579,-0.2185811325207579
1,11,C4_CastIron_d1.50_f0.50,Cast Iron,1.5,0.5,0.38,Ridge,0.6264067375173302,-0.24640673751733022
1,12,C4_CastIron_d1.50_f0.50,Cast Iron,1.5,0.5,0.4,Ridge,0.583526286845301,-0.18352628684530092
1,13,C4_CastIron_d1.50_f0.50,Cast Iron,1.5,0.5,0.43,Ridge,0.5913113135421545,-0.1613113135421545
1,14,C4_CastIron_d1.50_f0.50,Cast Iron,1.5,0.5,0.45,Ridge,0.5913871581653808,-0.14138715816538078
1,15,C4_CastIron_d1.50_f0.50,Cast Iron,1.5,0.5,0.5,Ridge,0.6584272119747638,-0.15842721197476384
1,17,C4_CastIron_d1.50_f0.50,Cast Iron,1.5,0.5,0.44,Ridge,0.7021906059287184,-0.2621906059287184
2,2,C2_CastIron_d0.75_f0.50,Cast Iron,0.75,0.5,0.14,Ridge,0.11121283092863962,0.02878716907136039
2,3,C2_CastIron_d0.75_f0.50,Cast Iron,0.75,0.5,0.14,Ridge,0.1064716200029959,0.033528379997004115
2,4,C2_CastIron_d0.75_f0.50,Cast Iron,0.75,0.5,0.14,Ridge,0.14707745667599742,-0.007077456675997407
2,5,C2_CastIron_d0.75_f0.50,Cast Iron,0.75,0.5,0.15,Ridge,0.2429488977624307,-0.0929488977624307
2,7,C2_CastIron_d0.75_f0.50,Cast Iron,0.75,0.5,0.18,Ridge,0.17918670888621768,0.0008132911137823107
2,8,C2_CastIron_d0.75_f0.50,Cast Iron,0.75,0.5,0.22,Ridge,0.22189789499088708,-0.001897894990887078
2,9,C2_CastIron_d0.75_f0.50,Cast Iron,0.75,0.5,0.26,Ridge,0.32834403171005605,-0.06834403171005604
2,10,C2_CastIron_d0.75_f0.50,Cast Iron,0.75,0.5,0.31,Ridge,0.3610014519525533,-0.05100145195255329
2,11,C2_CastIron_d0.75_f0.50,Cast Iron,0.75,0.5,0.38,Ridge,0.37865562923838975,0.0013443707616102585
2,12,C2_CastIron_d0.75_f0.50,Cast Iron,0.75,0.5,0.43,Ridge,0.4206398598915294,0.009360140108470583
2,13,C2_CastIron_d0.75_f0.50,Cast Iron,0.75,0.5,0.48,Ridge,0.6196503720883211,-0.1396503720883211
2,14,C2_CastIron_d0.75_f0.50,Cast Iron,0.75,0.5,0.55,Ridge,0.6511321768912384,-0.10113217689123832
3,1,C1_CastIron_d0.75_f0.25,Cast Iron,0.75,0.25,0.0,Ridge,0.041410408088996264,-0.041410408088996264
3,2,C1_CastIron_d0.75_f0.25,Cast Iron,0.75,0.25,0.13,Ridge,-0.01936888331556047,0.14936888331556047
3,3,C1_CastIron_d0.75_f0.25,Cast Iron,0.75,0.25,0.13,Ridge,0.0002133983826113628,0.12978660161738864
3,5,C1_CastIron_d0.75_f0.25,Cast Iron,0.75,0.25,0.17,Ridge,0.011902080910945967,0.15809791908905405
3,6,C1_CastIron_d0.75_f0.25,Cast Iron,0.75,0.25,0.19,Ridge,0.09339084419859517,0.09660915580140483
3,7,C1_CastIron_d0.75_f0.25,Cast Iron,0.75,0.25,0.2,Ridge,0.022465731023933844,0.17753426897606617
3,8,C1_CastIron_d0.75_f0.25,Cast Iron,0.75,0.25,0.23,Ridge,0.1966998917243737,0.03330010827562632
3,9,C1_CastIron_d0.75_f0.25,Cast Iron,0.75,0.25,0.23,Ridge,0.23633537668332305,-0.006335376683323041
3,10,C1_CastIron_d0.75_f0.25,Cast Iron,0.75,0.25,0.26,Ridge,0.33788846492987984,-0.07788846492987983
3,11,C1_CastIron_d0.75_f0.25,Cast Iron,0.75,0.25,0.28,Ridge,0.29634032923099096,-0.016340329230990935
3,12,C1_CastIron_d0.75_f0.25,Cast Iron,0.75,0.25,0.33,Ridge,0.3085450672908099,0.021454932709190133
3,14,C1_CastIron_d0.75_f0.25,Cast Iron,0.75,0.25,0.36,Ridge,0.32227720741268345,0.037722792587316534
3,15,C1_CastIron_d0.75_f0.25,Cast Iron,0.75,0.25,0.44,Ridge,0.31769122558828355,0.12230877441171645
3,16,C1_CastIron_d0.75_f0.25,Cast Iron,0.75,0.25,0.55,Ridge,0.7723345749081926,-0.22233457490819253
4,1,C3_CastIron_d1.50_f0.25,Cast Iron,1.5,0.25,0.08,Ridge,0.13609723677980473,-0.05609723677980473
4,2,C3_CastIron_d1.50_f0.25,Cast Iron,1.5,0.25,0.13,Ridge,0.16661456647244613,-0.036614566472446125
4,3,C3_CastIron_d1.50_f0.25,Cast Iron,1.5,0.25,0.2,Ridge,0.25838179218740753,-0.05838179218740752
4,4,C3_CastIron_d1.50_f0.25,Cast Iron,1.5,0.25,0.31,Ridge,0.1816428661396429,0.1283571338603571
4,5,C3_CastIron_d1.50_f0.25,Cast Iron,1.5,0.25,0.35,Ridge,0.27359411492036373,0.07640588507963625
4,6,C3_CastIron_d1.50_f0.25,Cast Iron,1.5,0.25,0.4,Ridge,0.3353143981626211,0.06468560183737893
4,7,C3_CastIron_d1.50_f0.25,Cast Iron,1.5,0.25,0.49,Ridge,0.3678730549378932,0.1221269450621068
9,1,C4_CastIron_d1.50_f0.50,Cast Iron,1.5,0.5,0.0,Ridge,0.17115860242030534,-0.17115860242030534
9,2,C4_CastIron_d1.50_f0.50,Cast Iron,1.5,0.5,0.1,Ridge,0.16135996313026937,-0.06135996313026937
9,3,C4_CastIron_d1.50_f0.50,Cast Iron,1.5,0.5,0.14,Ridge,0.2939673855439091,-0.1539673855439091
9,4,C4_CastIron_d1.50_f0.50,Cast Iron,1.5,0.5,0.19,Ridge,0.3671988599245162,-0.17719885992451617
9,5,C4_CastIron_d1.50_f0.50,Cast Iron,1.5,0.5,0.27,Ridge,0.4353581479223312,-0.16535814792233117
9,6,C4_CastIron_d1.50_f0.50,Cast Iron,1.5,0.5,0.38,Ridge,0.5507418756390501,-0.17074187563905008
9,7,C4_CastIron_d1.50_f0.50,Cast Iron,1.5,0.5,0.47,Ridge,0.6097803957946345,-0.13978039579463453
9,8,C4_CastIron_d1.50_f0.50,Cast Iron,1.5,0.5,0.64,Ridge,0.6148356944791542,0.02516430552084581
9,9,C4_CastIron_d1.50_f0.50,Cast Iron,1.5,0.5,0.81,Ridge,0.661119915681653,0.1488800843183471
10,1,C3_CastIron_d1.50_f0.25,Cast Iron,1.5,0.25,0.0,Ridge,0.10664221718816772,-0.10664221718816772
10,2,C3_CastIron_d1.50_f0.25,Cast Iron,1.5,0.25,0.04,Ridge,0.1435777032078263,-0.1035777032078263
10,3,C3_CastIron_d1.50_f0.25,Cast Iron,1.5,0.25,0.08,Ridge,0.16934250497672307,-0.08934250497672307
10,4,C3_CastIron_d1.50_f0.25,Cast Iron,1.5,0.25,0.16,Ridge,0.17910850258121488,-0.01910850258121488
10,5,C3_CastIron_d1.50_f0.25,Cast Iron,1.5,0.25,0.25,Ridge,0.26175632183262526,-0.01175632183262526
10,6,C3_CastIron_d1.50_f0.25,Cast Iron,1.5,0.25,0.36,Ridge,0.3499915782562434,0.010008421743756601
10,7,C3_CastIron_d1.50_f0.25,Cast Iron,1.5,0.25,0.43,Ridge,0.3373700390229382,0.09262996097706178
10,8,C3_CastIron_d1.50_f0.25,Cast Iron,1.5,0.25,0.47,Ridge,0.45707257893875775,0.012927421061242228
10,9,C3_CastIron_d1.50_f0.25,Cast Iron,1.5,0.25,0.53,Ridge,0.5498115841100513,-0.01981158411005124
10,10,C3_CastIron_d1.50_f0.25,Cast Iron,1.5,0.25,0.7,Ridge,0.6994631249726648,0.0005368750273351264
11,1,C1_CastIron_d0.75_f0.25,Cast Iron,0.75,0.25,0.0,Ridge,-0.0184299159488453,0.0184299159488453
11,2,C1_CastIron_d0.75_f0.25,Cast Iron,0.75,0.25,0.04,Ridge,0.007204939995862802,0.0327950600041372
11,3,C1_CastIron_d0.75_f0.25,Cast Iron,0.75,0.25,0.07,Ridge,0.009724407894228737,0.06027559210577127
11,4,C1_CastIron_d0.75_f0.25,Cast Iron,0.75,0.25,0.07,Ridge,0.05339491372579197,0.016605086274208036
11,5,C1_CastIron_d0.75_f0.25,Cast Iron,0.75,0.25,0.08,Ridge,0.10722959389596945,-0.027229593895969448
11,6,C1_CastIron_d0.75_f0.25,Cast Iron,0.75,0.25,0.09,Ridge,0.1117260749405321,-0.02172607494053211
11,8,C1_CastIron_d0.75_f0.25,Cast Iron,0.75,0.25,0.12,Ridge,0.1015276337941913,0.018472366205808693
11,9,C1_CastIron_d0.75_f0.25,Cast Iron,0.75,0.25,0.16,Ridge,0.11341503749450191,0.046584962505498095
11,10,C1_CastIron_d0.75_f0.25,Cast Iron,0.75,0.25,0.18,Ridge,0.14280455909477863,0.037195440905221366
11,11,C1_CastIron_d0.75_f0.25,Cast Iron,0.75,0.25,0.2,Ridge,0.16208965852585513,0.037910341474144876
11,12,C1_CastIron_d0.75_f0.25,Cast Iron,0.75,0.25,0.23,Ridge,0.10765538617463874,0.12234461382536127
11,13,C1_CastIron_d0.75_f0.25,Cast Iron,0.75,0.25,0.26,Ridge,0.20924452774658572,0.050755472253414285
11,15,C1_CastIron_d0.75_f0.25,Cast Iron,0.75,0.25,0.31,Ridge,0.18428111293770277,0.12571888706229722
11,16,C1_CastIron_d0.75_f0.25,Cast Iron,0.75,0.25,0.37,Ridge,0.14382690839864698,0.22617309160135302
11,18,C1_CastIron_d0.75_f0.25,Cast Iron,0.75,0.25,0.42,Ridge,0.25885321876668027,0.1611467812333197
11,19,C1_CastIron_d0.75_f0.25,Cast Iron,0.75,0.25,0.47,Ridge,0.3937478682142215,0.0762521317857785
11,20,C1_CastIron_d0.75_f0.25,Cast Iron,0.75,0.25,0.57,Ridge,0.5096749387230851,0.06032506127691484
11,21,C1_CastIron_d0.75_f0.25,Cast Iron,0.75,0.25,0.65,Ridge,0.28573634097224926,0.36426365902775076
11,22,C1_CastIron_d0.75_f0.25,Cast Iron,0.75,0.25,0.68,Ridge,0.43429756271084435,0.2457024372891557
11,23,C1_CastIron_d0.75_f0.25,Cast Iron,0.75,0.25,0.76,Ridge,0.6574245778138416,0.10257542218615845
12,2,C2_CastIron_d0.75_f0.50,Cast Iron,0.75,0.5,0.05,Ridge,0.013123271634437439,0.036876728365562564
12,3,C2_CastIron_d0.75_f0.50,Cast Iron,0.75,0.5,0.08,Ridge,0.039241813133805425,0.040758186866194576
12,5,C2_CastIron_d0.75_f0.50,Cast Iron,0.75,0.5,0.12,Ridge,0.18621414961879035,-0.06621414961879035
12,6,C2_CastIron_d0.75_f0.50,Cast Iron,0.75,0.5,0.17,Ridge,0.22337044796841024,-0.05337044796841023
12,7,C2_CastIron_d0.75_f0.50,Cast Iron,0.75,0.5,0.2,Ridge,0.21066973349314574,-0.010669733493145733
12,8,C2_CastIron_d0.75_f0.50,Cast Iron,0.75,0.5,0.24,Ridge,0.26536128016720284,-0.02536128016720285
12,9,C2_CastIron_d0.75_f0.50,Cast Iron,0.75,0.5,0.32,Ridge,0.3799304815873361,-0.059930481587336104
12,11,C2_CastIron_d0.75_f0.50,Cast Iron,0.75,0.5,0.4,Ridge,0.41310302260920795,-0.013103022609207926
12,12,C2_CastIron_d0.75_f0.50,Cast Iron,0.75,0.5,0.45,Ridge,0.38276754521760853,0.06723245478239148
12,13,C2_CastIron_d0.75_f0.50,Cast Iron,0.75,0.5,0.49,Ridge,0.8162486452614116,-0.3262486452614116
12,14,C2_CastIron_d0.75_f0.50,Cast Iron,0.75,0.5,0.58,Ridge,0.3979049291684585,0.18209507083154147
12,15,C2_CastIron_d0.75_f0.50,Cast Iron,0.75,0.5,0.65,Ridge,0.4733490032883245,0.1766509967116755
5,1,C8_Stainless_d1.50_f0.50,Stainless Steel J45,1.5,0.5,0.0,Ridge,0.28563756868772694,-0.28563756868772694
5,2,C8_Stainless_d1.50_f0.50,Stainless Steel J45,1.5,0.5,0.16,Ridge,0.4073876233413394,-0.24738762334133937
5,3,C8_Stainless_d1.50_f0.50,Stainless Steel J45,1.5,0.5,0.29,Ridge,0.4496351655767243,-0.1596351655767243
5,4,C8_Stainless_d1.50_f0.50,Stainless Steel J45,1.5,0.5,0.44,Ridge,0.5881820830299102,-0.14818208302991015
5,5,C8_Stainless_d1.50_f0.50,Stainless Steel J45,1.5,0.5,0.53,Ridge,0.6681078189325177,-0.13810781893251767
5,6,C8_Stainless_d1.50_f0.50,Stainless Steel J45,1.5,0.5,0.74,Ridge,0.8131752108159815,-0.07317521081598155
6,1,C7_Stainless_d1.50_f0.25,Stainless Steel J45,1.5,0.25,0.0,Ridge,0.35260305996894653,-0.35260305996894653
7,1,C5_Stainless_d0.75_f0.25,Stainless Steel J45,0.75,0.25,0.0,Ridge,-0.006007705308346045,0.006007705308346045
7,2,C5_Stainless_d0.75_f0.25,Stainless Steel J45,0.75,0.25,0.09,Ridge,0.04020376662340314,0.04979623337659686
7,3,C5_Stainless_d0.75_f0.25,Stainless Steel J45,0.75,0.25,0.13,Ridge,0.13231938892777836,-0.0023193889277783597
7,4,C5_Stainless_d0.75_f0.25,Stainless Steel J45,0.75,0.25,0.22,Ridge,0.38810243748449896,-0.16810243748449896
7,5,C5_Stainless_d0.75_f0.25,Stainless Steel J45,0.75,0.25,0.24,Ridge,0.18448866522710067,0.05551133477289932
7,6,C5_Stainless_d0.75_f0.25,Stainless Steel J45,0.75,0.25,0.34,Ridge,0.2123337325119712,0.1276662674880288
7,7,C5_Stainless_d0.75_f0.25,Stainless Steel J45,0.75,0.25,0.46,Ridge,0.37929138588458683,0.08070861411541319
8,1,C6_Stainless_d0.75_f0.50,Stainless Steel J45,0.75,0.5,0.0,Ridge,0.10151656278641635,-0.10151656278641635
8,2,C6_Stainless_d0.75_f0.50,Stainless Steel J45,0.75,0.5,0.18,Ridge,0.3885103076318269,-0.20851030763182693
8,3,C6_Stainless_d0.75_f0.50,Stainless Steel J45,0.75,0.5,0.3,Ridge,0.3584069296289823,-0.05840692962898231
8,5,C6_Stainless_d0.75_f0.50,Stainless Steel J45,0.75,0.5,0.44,Ridge,0.3584351801413815,0.08156481985861852
8,6,C6_Stainless_d0.75_f0.50,Stainless Steel J45,0.75,0.5,0.62,Ridge,0.3458703945101333,0.2741296054898667
13,3,C5_Stainless_d0.75_f0.25,Stainless Steel J45,0.75,0.25,0.1,Ridge,0.2853633843935104,-0.18536338439351038
13,4,C5_Stainless_d0.75_f0.25,Stainless Steel J45,0.75,0.25,0.13,Ridge,0.1745783390748779,-0.044578339074877904
13,5,C5_Stainless_d0.75_f0.25,Stainless Steel J45,0.75,0.25,0.17,Ridge,0.12144646018944233,0.04855353981055768
13,6,C5_Stainless_d0.75_f0.25,Stainless Steel J45,0.75,0.25,0.32,Ridge,0.3271674487856664,-0.007167448785666386
13,7,C5_Stainless_d0.75_f0.25,Stainless Steel J45,0.75,0.25,0.38,Ridge,0.19309141067471897,0.18690858932528104
13,8,C5_Stainless_d0.75_f0.25,Stainless Steel J45,0.75,0.25,0.49,Ridge,0.3237375639321096,0.16626243606789037
13,9,C5_Stainless_d0.75_f0.25,Stainless Steel J45,0.75,0.25,0.56,Ridge,0.30036677614151674,0.2596332238584833
13,10,C5_Stainless_d0.75_f0.25,Stainless Steel J45,0.75,0.25,0.68,Ridge,0.3457683639508001,0.3342316360492
13,11,C5_Stainless_d0.75_f0.25,Stainless Steel J45,0.75,0.25,0.83,Ridge,0.34034277107875543,0.4896572289212445
13,12,C5_Stainless_d0.75_f0.25,Stainless Steel J45,0.75,0.25,0.92,Ridge,0.4001380872102263,0.5198619127897737
13,13,C5_Stainless_d0.75_f0.25,Stainless Steel J45,0.75,0.25,1.07,Ridge,0.44345672925233726,0.6265432707476628
13,14,C5_Stainless_d0.75_f0.25,Stainless Steel J45,0.75,0.25,1.3,Ridge,0.3994972589670653,0.9005027410329347
13,15,C5_Stainless_d0.75_f0.25,Stainless Steel J45,0.75,0.25,1.53,Ridge,0.5901562699859537,0.9398437300140463
14,2,C6_Stainless_d0.75_f0.50,Stainless Steel J45,0.75,0.5,0.09,Ridge,0.3120938852122468,-0.2220938852122468
14,3,C6_Stainless_d0.75_f0.50,Stainless Steel J45,0.75,0.5,0.17,Ridge,0.33377562827742985,-0.16377562827742984
14,4,C6_Stainless_d0.75_f0.50,Stainless Steel J45,0.75,0.5,0.24,Ridge,0.3505726257909448,-0.11057262579094479
14,6,C6_Stainless_d0.75_f0.50,Stainless Steel J45,0.75,0.5,0.35,Ridge,0.404270582252403,-0.054270582252403
14,8,C6_Stainless_d0.75_f0.50,Stainless Steel J45,0.75,0.5,0.6,Ridge,0.6458348059225973,-0.045834805922597366
14,9,C6_Stainless_d0.75_f0.50,Stainless Steel J45,0.75,0.5,0.81,Ridge,0.6069349437145292,0.2030650562854709
14,10,C6_Stainless_d0.75_f0.50,Stainless Steel J45,0.75,0.5,1.14,Ridge,0.5983937866114909,0.541606213388509
15,2,C7_Stainless_d1.50_f0.25,Stainless Steel J45,1.5,0.25,0.15,Ridge,0.35981811048476703,-0.20981811048476703
15,3,C7_Stainless_d1.50_f0.25,Stainless Steel J45,1.5,0.25,0.28,Ridge,0.37188271947332324,-0.09188271947332322
15,4,C7_Stainless_d1.50_f0.25,Stainless Steel J45,1.5,0.25,0.37,Ridge,0.5505008823118491,-0.18050088231184913
15,5,C7_Stainless_d1.50_f0.25,Stainless Steel J45,1.5,0.25,0.48,Ridge,0.43374608454241104,0.046253915457588946
15,6,C7_Stainless_d1.50_f0.25,Stainless Steel J45,1.5,0.25,0.56,Ridge,0.40212417003527157,0.1578758299647285
15,7,C7_Stainless_d1.50_f0.25,Stainless Steel J45,1.5,0.25,0.7,Ridge,0.6171709726242343,0.0828290273757657
16,3,C8_Stainless_d1.50_f0.50,Stainless Steel J45,1.5,0.5,0.24,Ridge,0.5065274493898827,-0.2665274493898827
16,5,C8_Stainless_d1.50_f0.50,Stainless Steel J45,1.5,0.5,0.4,Ridge,0.7177317448357226,-0.31773174483572253
16,6,C8_Stainless_d1.50_f0.50,Stainless Steel J45,1.5,0.5,0.62,Ridge,0.8773905072611732,-0.2573905072611732
1,1,C4_CastIron_d1.50_f0.50,Cast Iron,1.5,0.5,0.0,SVR,0.1769005496799635,-0.1769005496799635
1,4,C4_CastIron_d1.50_f0.50,Cast Iron,1.5,0.5,0.11,SVR,0.2383473442660463,-0.12834734426604633
1,6,C4_CastIron_d1.50_f0.50,Cast Iron,1.5,0.5,0.2,SVR,0.22230341116531593,-0.022303411165315923
1,7,C4_CastIron_d1.50_f0.50,Cast Iron,1.5,0.5,0.24,SVR,0.47379006899345905,-0.23379006899345905
1,8,C4_CastIron_d1.50_f0.50,Cast Iron,1.5,0.5,0.29,SVR,0.44229614049265426,-0.15229614049265428
1,9,C4_CastIron_d1.50_f0.50,Cast Iron,1.5,0.5,0.28,SVR,0.5610783400920497,-0.2810783400920497
1,10,C4_CastIron_d1.50_f0.50,Cast Iron,1.5,0.5,0.29,SVR,0.3955534626560694,-0.10555346265606941
1,11,C4_CastIron_d1.50_f0.50,Cast Iron,1.5,0.5,0.38,SVR,0.6697589281677048,-0.28975892816770477
1,12,C4_CastIron_d1.50_f0.50,Cast Iron,1.5,0.5,0.4,SVR,0.5599119936653599,-0.1599119936653599
1,13,C4_CastIron_d1.50_f0.50,Cast Iron,1.5,0.5,0.43,SVR,0.6284435479543978,-0.19844354795439784
1,14,C4_CastIron_d1.50_f0.50,Cast Iron,1.5,0.5,0.45,SVR,0.5685133901552291,-0.11851339015522905
1,15,C4_CastIron_d1.50_f0.50,Cast Iron,1.5,0.5,0.5,SVR,0.6700146951436691,-0.17001469514366907
1,17,C4_CastIron_d1.50_f0.50,Cast Iron,1.5,0.5,0.44,SVR,0.7100622114775198,-0.2700622114775198
2,2,C2_CastIron_d0.75_f0.50,Cast Iron,0.75,0.5,0.14,SVR,0.0886965894344568,0.05130341056554322
2,3,C2_CastIron_d0.75_f0.50,Cast Iron,0.75,0.5,0.14,SVR,0.08496818958279045,0.05503181041720956
2,4,C2_CastIron_d0.75_f0.50,Cast Iron,0.75,0.5,0.14,SVR,0.09860480969999202,0.04139519030000799
2,5,C2_CastIron_d0.75_f0.50,Cast Iron,0.75,0.5,0.15,SVR,0.2443860191574383,-0.0943860191574383
2,7,C2_CastIron_d0.75_f0.50,Cast Iron,0.75,0.5,0.18,SVR,0.2746641113014734,-0.0946641113014734
2,8,C2_CastIron_d0.75_f0.50,Cast Iron,0.75,0.5,0.22,SVR,0.2506720116048637,-0.030672011604863686
2,9,C2_CastIron_d0.75_f0.50,Cast Iron,0.75,0.5,0.26,SVR,0.29503121000783217,-0.03503121000783216
2,10,C2_CastIron_d0.75_f0.50,Cast Iron,0.75,0.5,0.31,SVR,0.39721592405558503,-0.08721592405558504
2,11,C2_CastIron_d0.75_f0.50,Cast Iron,0.75,0.5,0.38,SVR,0.42138072228265816,-0.041380722282658156
2,12,C2_CastIron_d0.75_f0.50,Cast Iron,0.75,0.5,0.43,SVR,0.4943902399117199,-0.06439023991171988
2,13,C2_CastIron_d0.75_f0.50,Cast Iron,0.75,0.5,0.48,SVR,0.7847181793975566,-0.30471817939755663
2,14,C2_CastIron_d0.75_f0.50,Cast Iron,0.75,0.5,0.55,SVR,0.7581686995395013,-0.20816869953950123
3,1,C1_CastIron_d0.75_f0.25,Cast Iron,0.75,0.25,0.0,SVR,0.15722670473919398,-0.15722670473919398
3,2,C1_CastIron_d0.75_f0.25,Cast Iron,0.75,0.25,0.13,SVR,0.10069985507185475,0.029300144928145255
3,3,C1_CastIron_d0.75_f0.25,Cast Iron,0.75,0.25,0.13,SVR,0.09750578709238317,0.03249421290761684
3,5,C1_CastIron_d0.75_f0.25,Cast Iron,0.75,0.25,0.17,SVR,0.09215282309237527,0.07784717690762474
3,6,C1_CastIron_d0.75_f0.25,Cast Iron,0.75,0.25,0.19,SVR,0.15252920694379102,0.037470793056208984
3,7,C1_CastIron_d0.75_f0.25,Cast Iron,0.75,0.25,0.2,SVR,0.08583551702456504,0.11416448297543497
3,8,C1_CastIron_d0.75_f0.25,Cast Iron,0.75,0.25,0.23,SVR,0.2238949645275838,0.006105035472416198
3,9,C1_CastIron_d0.75_f0.25,Cast Iron,0.75,0.25,0.23,SVR,0.19798392446629626,0.03201607553370375
3,10,C1_CastIron_d0.75_f0.25,Cast Iron,0.75,0.25,0.26,SVR,0.31059919742907,-0.050599197429069986
3,11,C1_CastIron_d0.75_f0.25,Cast Iron,0.75,0.25,0.28,SVR,0.3548497081706535,-0.07484970817065345
3,12,C1_CastIron_d0.75_f0.25,Cast Iron,0.75,0.25,0.33,SVR,0.4019351880424674,-0.0719351880424674
3,14,C1_CastIron_d0.75_f0.25,Cast Iron,0.75,0.25,0.36,SVR,0.4869423847428066,-0.1269423847428066
3,15,C1_CastIron_d0.75_f0.25,Cast Iron,0.75,0.25,0.44,SVR,0.4882852048963182,-0.04828520489631821
3,16,C1_CastIron_d0.75_f0.25,Cast Iron,0.75,0.25,0.55,SVR,0.515818458612715,0.03418154138728502
4,1,C3_CastIron_d1.50_f0.25,Cast Iron,1.5,0.25,0.08,SVR,0.14012534670159132,-0.06012534670159132
4,2,C3_CastIron_d1.50_f0.25,Cast Iron,1.5,0.25,0.13,SVR,0.1066240685198091,0.023375931480190903
4,3,C3_CastIron_d1.50_f0.25,Cast Iron,1.5,0.25,0.2,SVR,0.3212762461527813,-0.12127624615278126
4,4,C3_CastIron_d1.50_f0.25,Cast Iron,1.5,0.25,0.31,SVR,0.08271924584298623,0.22728075415701376
4,5,C3_CastIron_d1.50_f0.25,Cast Iron,1.5,0.25,0.35,SVR,0.2619971294107067,0.08800287058929329
4,6,C3_CastIron_d1.50_f0.25,Cast Iron,1.5,0.25,0.4,SVR,0.3833911381242183,0.0166088618757817
4,7,C3_CastIron_d1.50_f0.25,Cast Iron,1.5,0.25,0.49,SVR,0.4194288217475511,0.07057117825244891
9,1,C4_CastIron_d1.50_f0.50,Cast Iron,1.5,0.5,0.0,SVR,0.12711491193212976,-0.12711491193212976
9,2,C4_CastIron_d1.50_f0.50,Cast Iron,1.5,0.5,0.1,SVR,0.1258617628369379,-0.02586176283693789
9,3,C4_CastIron_d1.50_f0.50,Cast Iron,1.5,0.5,0.14,SVR,0.20882611929473113,-0.06882611929473112
9,4,C4_CastIron_d1.50_f0.50,Cast Iron,1.5,0.5,0.19,SVR,0.2692454592774287,-0.07924545927742871
9,5,C4_CastIron_d1.50_f0.50,Cast Iron,1.5,0.5,0.27,SVR,0.5297006260169775,-0.2597006260169775
9,6,C4_CastIron_d1.50_f0.50,Cast Iron,1.5,0.5,0.38,SVR,0.5883877713582355,-0.2083877713582355
9,7,C4_CastIron_d1.50_f0.50,Cast Iron,1.5,0.5,0.47,SVR,0.5555259419790389,-0.08552594197903896
9,8,C4_CastIron_d1.50_f0.50,Cast Iron,1.5,0.5,0.64,SVR,0.45678934885339556,0.18321065114660445
9,9,C4_CastIron_d1.50_f0.50,Cast Iron,1.5,0.5,0.81,SVR,0.44803998411386703,0.361960015886133
10,1,C3_CastIron_d1.50_f0.25,Cast Iron,1.5,0.25,0.0,SVR,0.09297185220679283,-0.09297185220679283
10,2,C3_CastIron_d1.50_f0.25,Cast Iron,1.5,0.25,0.04,SVR,0.09858477778442704,-0.058584777784427035
10,3,C3_CastIron_d1.50_f0.25,Cast Iron,1.5,0.25,0.08,SVR,0.09020555529364749,-0.010205555293647486
10,4,C3_CastIron_d1.50_f0.25,Cast Iron,1.5,0.25,0.16,SVR,0.05395081531076762,0.10604918468923238
10,5,C3_CastIron_d1.50_f0.25,Cast Iron,1.5,0.25,0.25,SVR,0.11278882266946288,0.13721117733053712
10,6,C3_CastIron_d1.50_f0.25,Cast Iron,1.5,0.25,0.36,SVR,0.33136523036647386,0.028634769633526125
10,7,C3_CastIron_d1.50_f0.25,Cast Iron,1.5,0.25,0.43,SVR,0.18778737423854036,0.24221262576145963
10,8,C3_CastIron_d1.50_f0.25,Cast Iron,1.5,0.25,0.47,SVR,0.4605248955968114,0.00947510440318855
10,9,C3_CastIron_d1.50_f0.25,Cast Iron,1.5,0.25,0.53,SVR,0.5830469760196144,-0.05304697601961439
10,10,C3_CastIron_d1.50_f0.25,Cast Iron,1.5,0.25,0.7,SVR,0.5982089438472667,0.1017910561527332
11,1,C1_CastIron_d0.75_f0.25,Cast Iron,0.75,0.25,0.0,SVR,0.09759760517191474,-0.09759760517191474
11,2,C1_CastIron_d0.75_f0.25,Cast Iron,0.75,0.25,0.04,SVR,0.09169801994950738,-0.05169801994950738
11,3,C1_CastIron_d0.75_f0.25,Cast Iron,0.75,0.25,0.07,SVR,0.09169377379560772,-0.021693773795607718
11,4,C1_CastIron_d0.75_f0.25,Cast Iron,0.75,0.25,0.07,SVR,0.08877500227018209,-0.018775002270182084
11,5,C1_CastIron_d0.75_f0.25,Cast Iron,0.75,0.25,0.08,SVR,0.11848467977983007,-0.03848467977983007
11,6,C1_CastIron_d0.75_f0.25,Cast Iron,0.75,0.25,0.09,SVR,0.11443576591291038,-0.024435765912910384
11,8,C1_CastIron_d0.75_f0.25,Cast Iron,0.75,0.25,0.12,SVR,0.10127958738169168,0.018720412618308313
11,9,C1_CastIron_d0.75_f0.25,Cast Iron,0.75,0.25,0.16,SVR,0.14245838051572757,0.017541619484272436
11,10,C1_CastIron_d0.75_f0.25,Cast Iron,0.75,0.25,0.18,SVR,0.1686561369340473,0.011343863065952697
11,11,C1_CastIron_d0.75_f0.25,Cast Iron,0.75,0.25,0.2,SVR,0.12393204031631394,0.07606795968368607
11,12,C1_CastIron_d0.75_f0.25,Cast Iron,0.75,0.25,0.23,SVR,0.15476202073229767,0.07523797926770234
11,13,C1_CastIron_d0.75_f0.25,Cast Iron,0.75,0.25,0.26,SVR,0.1668654401096727,0.09313455989032732
11,15,C1_CastIron_d0.75_f0.25,Cast Iron,0.75,0.25,0.31,SVR,0.08273195615502826,0.22726804384497173
11,16,C1_CastIron_d0.75_f0.25,Cast Iron,0.75,0.25,0.37,SVR,0.11877705134601901,0.251222948653981
11,18,C1_CastIron_d0.75_f0.25,Cast Iron,0.75,0.25,0.42,SVR,0.13577414718454628,0.2842258528154537
11,19,C1_CastIron_d0.75_f0.25,Cast Iron,0.75,0.25,0.47,SVR,0.49501113043807077,-0.025011130438070794
11,20,C1_CastIron_d0.75_f0.25,Cast Iron,0.75,0.25,0.57,SVR,0.4496746863794926,0.12032531362050736
11,21,C1_CastIron_d0.75_f0.25,Cast Iron,0.75,0.25,0.65,SVR,0.25585105949513054,0.3941489405048695
11,22,C1_CastIron_d0.75_f0.25,Cast Iron,0.75,0.25,0.68,SVR,0.48582034621112047,0.19417965378887958
11,23,C1_CastIron_d0.75_f0.25,Cast Iron,0.75,0.25,0.76,SVR,0.4165888024379276,0.3434111975620724
12,2,C2_CastIron_d0.75_f0.50,Cast Iron,0.75,0.5,0.05,SVR,0.09431782191865573,-0.04431782191865573
12,3,C2_CastIron_d0.75_f0.50,Cast Iron,0.75,0.5,0.08,SVR,0.09089861232731772,-0.010898612327317717
12,5,C2_CastIron_d0.75_f0.50,Cast Iron,0.75,0.5,0.12,SVR,0.24419257835450411,-0.12419257835450412
12,6,C2_CastIron_d0.75_f0.50,Cast Iron,0.75,0.5,0.17,SVR,0.3003538570039562,-0.13035385700395621
12,7,C2_CastIron_d0.75_f0.50,Cast Iron,0.75,0.5,0.2,SVR,0.2950977591676104,-0.09509775916761037
12,8,C2_CastIron_d0.75_f0.50,Cast Iron,0.75,0.5,0.24,SVR,0.36503800470691283,-0.12503800470691284
12,9,C2_CastIron_d0.75_f0.50,Cast Iron,0.75,0.5,0.32,SVR,0.4205916265777286,-0.10059162657772858
12,11,C2_CastIron_d0.75_f0.50,Cast Iron,0.75,0.5,0.4,SVR,0.4015821250801626,-0.0015821250801625886
12,12,C2_CastIron_d0.75_f0.50,Cast Iron,0.75,0.5,0.45,SVR,0.46058133328068246,-0.010581333280682448
12,13,C2_CastIron_d0.75_f0.50,Cast Iron,0.75,0.5,0.49,SVR,0.5552212607820521,-0.06522126078205215
12,14,C2_CastIron_d0.75_f0.50,Cast Iron,0.75,0.5,0.58,SVR,0.38222636912307983,0.19777363087692013
12,15,C2_CastIron_d0.75_f0.50,Cast Iron,0.75,0.5,0.65,SVR,0.47969579370827875,0.17030420629172127
5,1,C8_Stainless_d1.50_f0.50,Stainless Steel J45,1.5,0.5,0.0,SVR,0.20759409798328085,-0.20759409798328085
5,2,C8_Stainless_d1.50_f0.50,Stainless Steel J45,1.5,0.5,0.16,SVR,0.4129985020344588,-0.25299850203445884
5,3,C8_Stainless_d1.50_f0.50,Stainless Steel J45,1.5,0.5,0.29,SVR,0.657789641988403,-0.36778964198840297
5,4,C8_Stainless_d1.50_f0.50,Stainless Steel J45,1.5,0.5,0.44,SVR,0.5728749293174228,-0.13287492931742279
5,5,C8_Stainless_d1.50_f0.50,Stainless Steel J45,1.5,0.5,0.53,SVR,0.6027190476937634,-0.07271904769376336
5,6,C8_Stainless_d1.50_f0.50,Stainless Steel J45,1.5,0.5,0.74,SVR,0.6226213685814284,0.11737863141857163
6,1,C7_Stainless_d1.50_f0.25,Stainless Steel J45,1.5,0.25,0.0,SVR,0.2959397173595917,-0.2959397173595917
7,1,C5_Stainless_d0.75_f0.25,Stainless Steel J45,0.75,0.25,0.0,SVR,0.1106698385615082,-0.1106698385615082
7,2,C5_Stainless_d0.75_f0.25,Stainless Steel J45,0.75,0.25,0.09,SVR,0.08918232668347109,0.0008176733165289052
7,3,C5_Stainless_d0.75_f0.25,Stainless Steel J45,0.75,0.25,0.13,SVR,0.07459813674284171,0.05540186325715829
7,4,C5_Stainless_d0.75_f0.25,Stainless Steel J45,0.75,0.25,0.22,SVR,0.31755950381701403,-0.09755950381701403
7,5,C5_Stainless_d0.75_f0.25,Stainless Steel J45,0.75,0.25,0.24,SVR,0.12558241091386546,0.11441758908613453
7,6,C5_Stainless_d0.75_f0.25,Stainless Steel J45,0.75,0.25,0.34,SVR,0.11652883131325709,0.22347116868674294
7,7,C5_Stainless_d0.75_f0.25,Stainless Steel J45,0.75,0.25,0.46,SVR,0.3435792829306971,0.1164207170693029
8,1,C6_Stainless_d0.75_f0.50,Stainless Steel J45,0.75,0.5,0.0,SVR,0.10770991234487115,-0.10770991234487115
8,2,C6_Stainless_d0.75_f0.50,Stainless Steel J45,0.75,0.5,0.18,SVR,0.371520718515704,-0.191520718515704
8,3,C6_Stainless_d0.75_f0.50,Stainless Steel J45,0.75,0.5,0.3,SVR,0.25249517314495684,0.04750482685504315
8,5,C6_Stainless_d0.75_f0.50,Stainless Steel J45,0.75,0.5,0.44,SVR,0.43426191341583753,0.005738086584162472
8,6,C6_Stainless_d0.75_f0.50,Stainless Steel J45,0.75,0.5,0.62,SVR,0.31190302207904264,0.30809697792095736
13,3,C5_Stainless_d0.75_f0.25,Stainless Steel J45,0.75,0.25,0.1,SVR,0.3943592398562614,-0.29435923985626145
13,4,C5_Stainless_d0.75_f0.25,Stainless Steel J45,0.75,0.25,0.13,SVR,0.17924010131821,-0.049240101318209994
13,5,C5_Stainless_d0.75_f0.25,Stainless Steel J45,0.75,0.25,0.17,SVR,0.10530115617080643,0.06469884382919358
13,6,C5_Stainless_d0.75_f0.25,Stainless Steel J45,0.75,0.25,0.32,SVR,0.29999683315167774,0.020003166848322262
13,7,C5_Stainless_d0.75_f0.25,Stainless Steel J45,0.75,0.25,0.38,SVR,0.19239943862758488,0.18760056137241513
13,8,C5_Stainless_d0.75_f0.25,Stainless Steel J45,0.75,0.25,0.49,SVR,0.28083882328627324,0.20916117671372675
13,9,C5_Stainless_d0.75_f0.25,Stainless Steel J45,0.75,0.25,0.56,SVR,0.26097160677340625,0.2990283932265938
13,10,C5_Stainless_d0.75_f0.25,Stainless Steel J45,0.75,0.25,0.68,SVR,0.2733523233824011,0.40664767661759893
13,11,C5_Stainless_d0.75_f0.25,Stainless Steel J45,0.75,0.25,0.83,SVR,0.3927783093465838,0.43722169065341615
13,12,C5_Stainless_d0.75_f0.25,Stainless Steel J45,0.75,0.25,0.92,SVR,0.558849131228028,0.361150868771972
13,13,C5_Stainless_d0.75_f0.25,Stainless Steel J45,0.75,0.25,1.07,SVR,0.5701245664746105,0.49987543352538955
13,14,C5_Stainless_d0.75_f0.25,Stainless Steel J45,0.75,0.25,1.3,SVR,0.43639211619018514,0.8636078838098149
13,15,C5_Stainless_d0.75_f0.25,Stainless Steel J45,0.75,0.25,1.53,SVR,0.3943326879085561,1.135667312091444
14,2,C6_Stainless_d0.75_f0.50,Stainless Steel J45,0.75,0.5,0.09,SVR,0.427114614690838,-0.33711461469083803
14,3,C6_Stainless_d0.75_f0.50,Stainless Steel J45,0.75,0.5,0.17,SVR,0.37270954665237904,-0.20270954665237903
14,4,C6_Stainless_d0.75_f0.50,Stainless Steel J45,0.75,0.5,0.24,SVR,0.41092546757779413,-0.17092546757779414
14,6,C6_Stainless_d0.75_f0.50,Stainless Steel J45,0.75,0.5,0.35,SVR,0.4958915548519581,-0.14589155485195815
14,8,C6_Stainless_d0.75_f0.50,Stainless Steel J45,0.75,0.5,0.6,SVR,0.5735483726080046,0.026451627391995358
14,9,C6_Stainless_d0.75_f0.50,Stainless Steel J45,0.75,0.5,0.81,SVR,0.5702096309952529,0.23979036900474715
14,10,C6_Stainless_d0.75_f0.50,Stainless Steel J45,0.75,0.5,1.14,SVR,0.7291339176087279,0.410866082391272
15,2,C7_Stainless_d1.50_f0.25,Stainless Steel J45,1.5,0.25,0.15,SVR,0.5283095952601538,-0.37830959526015373
15,3,C7_Stainless_d1.50_f0.25,Stainless Steel J45,1.5,0.25,0.28,SVR,0.4517291172100115,-0.1717291172100115
15,4,C7_Stainless_d1.50_f0.25,Stainless Steel J45,1.5,0.25,0.37,SVR,0.7014556834950533,-0.3314556834950533
15,5,C7_Stainless_d1.50_f0.25,Stainless Steel J45,1.5,0.25,0.48,SVR,0.5061085474433693,-0.026108547443369323
15,6,C7_Stainless_d1.50_f0.25,Stainless Steel J45,1.5,0.25,0.56,SVR,0.3708469500904498,0.18915304990955023
15,7,C7_Stainless_d1.50_f0.25,Stainless Steel J45,1.5,0.25,0.7,SVR,0.5358931770357952,0.16410682296420476
16,3,C8_Stainless_d1.50_f0.50,Stainless Steel J45,1.5,0.5,0.24,SVR,0.4311820368734758,-0.1911820368734758
16,5,C8_Stainless_d1.50_f0.50,Stainless Steel J45,1.5,0.5,0.4,SVR,0.5374203234316115,-0.13742032343161148
16,6,C8_Stainless_d1.50_f0.50,Stainless Steel J45,1.5,0.5,0.62,SVR,0.5356772376047142,0.0843227623952858
1,1,C4_CastIron_d1.50_f0.50,Cast Iron,1.5,0.5,0.0,Random Forest,0.18223539553487886,-0.18223539553487886
1,4,C4_CastIron_d1.50_f0.50,Cast Iron,1.5,0.5,0.11,Random Forest,0.2069829489455204,-0.09698294894552041
1,6,C4_CastIron_d1.50_f0.50,Cast Iron,1.5,0.5,0.2,Random Forest,0.22790982091982098,-0.02790982091982097
1,7,C4_CastIron_d1.50_f0.50,Cast Iron,1.5,0.5,0.24,Random Forest,0.40285089476446473,-0.16285089476446474
1,8,C4_CastIron_d1.50_f0.50,Cast Iron,1.5,0.5,0.29,Random Forest,0.3411473749994414,-0.05114737499944144
1,9,C4_CastIron_d1.50_f0.50,Cast Iron,1.5,0.5,0.28,Random Forest,0.5154087348895513,-0.23540873488955127
1,10,C4_CastIron_d1.50_f0.50,Cast Iron,1.5,0.5,0.29,Random Forest,0.5350912176845342,-0.24509121768453418
1,11,C4_CastIron_d1.50_f0.50,Cast Iron,1.5,0.5,0.38,Random Forest,0.6157391738378578,-0.2357391738378578
1,12,C4_CastIron_d1.50_f0.50,Cast Iron,1.5,0.5,0.4,Random Forest,0.5610867363325529,-0.16108673633255288
1,13,C4_CastIron_d1.50_f0.50,Cast Iron,1.5,0.5,0.43,Random Forest,0.5998823785791951,-0.16988237857919514
1,14,C4_CastIron_d1.50_f0.50,Cast Iron,1.5,0.5,0.45,Random Forest,0.5858043156976324,-0.13580431569763235
1,15,C4_CastIron_d1.50_f0.50,Cast Iron,1.5,0.5,0.5,Random Forest,0.6210328715290557,-0.12103287152905573
1,17,C4_CastIron_d1.50_f0.50,Cast Iron,1.5,0.5,0.44,Random Forest,0.6279722121883964,-0.18797221218839638
2,2,C2_CastIron_d0.75_f0.50,Cast Iron,0.75,0.5,0.14,Random Forest,0.07144595473327507,0.06855404526672494
2,3,C2_CastIron_d0.75_f0.50,Cast Iron,0.75,0.5,0.14,Random Forest,0.07182719557576593,0.06817280442423408
2,4,C2_CastIron_d0.75_f0.50,Cast Iron,0.75,0.5,0.14,Random Forest,0.07207755646487682,0.0679224435351232
2,5,C2_CastIron_d0.75_f0.50,Cast Iron,0.75,0.5,0.15,Random Forest,0.18242087645535215,-0.03242087645535216
2,7,C2_CastIron_d0.75_f0.50,Cast Iron,0.75,0.5,0.18,Random Forest,0.2379144659355601,-0.0579144659355601
2,8,C2_CastIron_d0.75_f0.50,Cast Iron,0.75,0.5,0.22,Random Forest,0.1840402201254844,0.035959779874515596
2,9,C2_CastIron_d0.75_f0.50,Cast Iron,0.75,0.5,0.26,Random Forest,0.46656206123159605,-0.20656206123159604
2,10,C2_CastIron_d0.75_f0.50,Cast Iron,0.75,0.5,0.31,Random Forest,0.5633753702542326,-0.25337537025423257
2,11,C2_CastIron_d0.75_f0.50,Cast Iron,0.75,0.5,0.38,Random Forest,0.371476155609014,0.008523844390986024
2,12,C2_CastIron_d0.75_f0.50,Cast Iron,0.75,0.5,0.43,Random Forest,0.4843755965613246,-0.054375596561324624
2,13,C2_CastIron_d0.75_f0.50,Cast Iron,0.75,0.5,0.48,Random Forest,0.6077590093862275,-0.12775900938622753
2,14,C2_CastIron_d0.75_f0.50,Cast Iron,0.75,0.5,0.55,Random Forest,0.6690094505162588,-0.11900945051625877
3,1,C1_CastIron_d0.75_f0.25,Cast Iron,0.75,0.25,0.0,Random Forest,0.10205859643010269,-0.10205859643010269
3,2,C1_CastIron_d0.75_f0.25,Cast Iron,0.75,0.25,0.13,Random Forest,0.0674061675893356,0.06259383241066441
3,3,C1_CastIron_d0.75_f0.25,Cast Iron,0.75,0.25,0.13,Random Forest,0.07192979846138753,0.058070201538612476
3,5,C1_CastIron_d0.75_f0.25,Cast Iron,0.75,0.25,0.17,Random Forest,0.057104870639235854,0.11289512936076415
3,6,C1_CastIron_d0.75_f0.25,Cast Iron,0.75,0.25,0.19,Random Forest,0.11838573509134723,0.07161426490865277
3,7,C1_CastIron_d0.75_f0.25,Cast Iron,0.75,0.25,0.2,Random Forest,0.0707470044776197,0.12925299552238032
3,8,C1_CastIron_d0.75_f0.25,Cast Iron,0.75,0.25,0.23,Random Forest,0.17345703021868014,0.05654296978131987
3,9,C1_CastIron_d0.75_f0.25,Cast Iron,0.75,0.25,0.23,Random Forest,0.20460757795525733,0.02539242204474268
3,10,C1_CastIron_d0.75_f0.25,Cast Iron,0.75,0.25,0.26,Random Forest,0.3244787818865917,-0.06447878188659167
3,11,C1_CastIron_d0.75_f0.25,Cast Iron,0.75,0.25,0.28,Random Forest,0.30715635703693145,-0.027156357036931422
3,12,C1_CastIron_d0.75_f0.25,Cast Iron,0.75,0.25,0.33,Random Forest,0.3490346525598522,-0.019034652559852205
3,14,C1_CastIron_d0.75_f0.25,Cast Iron,0.75,0.25,0.36,Random Forest,0.4275126563510934,-0.06751265635109344
3,15,C1_CastIron_d0.75_f0.25,Cast Iron,0.75,0.25,0.44,Random Forest,0.4814493329208699,-0.041449332920869886
3,16,C1_CastIron_d0.75_f0.25,Cast Iron,0.75,0.25,0.55,Random Forest,0.5592885122426725,-0.009288512242672464
4,1,C3_CastIron_d1.50_f0.25,Cast Iron,1.5,0.25,0.08,Random Forest,0.16075183041761928,-0.08075183041761928
4,2,C3_CastIron_d1.50_f0.25,Cast Iron,1.5,0.25,0.13,Random Forest,0.1181017210017071,0.011898278998292905
4,3,C3_CastIron_d1.50_f0.25,Cast Iron,1.5,0.25,0.2,Random Forest,0.2739895191870643,-0.07398951918706431
4,4,C3_CastIron_d1.50_f0.25,Cast Iron,1.5,0.25,0.31,Random Forest,0.154317065638136,0.155682934361864
4,5,C3_CastIron_d1.50_f0.25,Cast Iron,1.5,0.25,0.35,Random Forest,0.3428843517727792,0.007115648227220772
4,6,C3_CastIron_d1.50_f0.25,Cast Iron,1.5,0.25,0.4,Random Forest,0.5118074650742063,-0.11180746507420625
4,7,C3_CastIron_d1.50_f0.25,Cast Iron,1.5,0.25,0.49,Random Forest,0.49813456754609264,-0.008134567546092653
9,1,C4_CastIron_d1.50_f0.50,Cast Iron,1.5,0.5,0.0,Random Forest,0.11095265583464194,-0.11095265583464194
9,2,C4_CastIron_d1.50_f0.50,Cast Iron,1.5,0.5,0.1,Random Forest,0.11905916377114986,-0.019059163771149856
9,3,C4_CastIron_d1.50_f0.50,Cast Iron,1.5,0.5,0.14,Random Forest,0.19831601633171583,-0.05831601633171582
9,4,C4_CastIron_d1.50_f0.50,Cast Iron,1.5,0.5,0.19,Random Forest,0.25817637628161316,-0.06817637628161316
9,5,C4_CastIron_d1.50_f0.50,Cast Iron,1.5,0.5,0.27,Random Forest,0.4643823780361386,-0.19438237803613856
9,6,C4_CastIron_d1.50_f0.50,Cast Iron,1.5,0.5,0.38,Random Forest,0.5906058445890415,-0.21060584458904152
9,7,C4_CastIron_d1.50_f0.50,Cast Iron,1.5,0.5,0.47,Random Forest,0.5621758006623798,-0.09217580066237985
9,8,C4_CastIron_d1.50_f0.50,Cast Iron,1.5,0.5,0.64,Random Forest,0.5856531965997759,0.05434680340022413
9,9,C4_CastIron_d1.50_f0.50,Cast Iron,1.5,0.5,0.81,Random Forest,0.5808508589374382,0.2291491410625619
10,1,C3_CastIron_d1.50_f0.25,Cast Iron,1.5,0.25,0.0,Random Forest,0.08652060611506272,-0.08652060611506272
10,2,C3_CastIron_d1.50_f0.25,Cast Iron,1.5,0.25,0.04,Random Forest,0.20176625634463108,-0.16176625634463107
10,3,C3_CastIron_d1.50_f0.25,Cast Iron,1.5,0.25,0.08,Random Forest,0.0811011320756862,-0.001101132075686198
10,4,C3_CastIron_d1.50_f0.25,Cast Iron,1.5,0.25,0.16,Random Forest,0.1427396449290627,0.017260355070937317
10,5,C3_CastIron_d1.50_f0.25,Cast Iron,1.5,0.25,0.25,Random Forest,0.33041744588186134,-0.08041744588186134
10,6,C3_CastIron_d1.50_f0.25,Cast Iron,1.5,0.25,0.36,Random Forest,0.41379172694665584,-0.05379172694665585
10,7,C3_CastIron_d1.50_f0.25,Cast Iron,1.5,0.25,0.43,Random Forest,0.44000747954795894,-0.010007479547958942
10,8,C3_CastIron_d1.50_f0.25,Cast Iron,1.5,0.25,0.47,Random Forest,0.5665519233875199,-0.09655192338751994
10,9,C3_CastIron_d1.50_f0.25,Cast Iron,1.5,0.25,0.53,Random Forest,0.6056319796708309,-0.0756319796708309
10,10,C3_CastIron_d1.50_f0.25,Cast Iron,1.5,0.25,0.7,Random Forest,0.6284676761268517,0.07153232387314823
11,1,C1_CastIron_d0.75_f0.25,Cast Iron,0.75,0.25,0.0,Random Forest,0.07340903120526047,-0.07340903120526047
11,2,C1_CastIron_d0.75_f0.25,Cast Iron,0.75,0.25,0.04,Random Forest,0.10325746311427608,-0.06325746311427607
11,3,C1_CastIron_d0.75_f0.25,Cast Iron,0.75,0.25,0.07,Random Forest,0.07889370319993244,-0.008893703199932435
11,4,C1_CastIron_d0.75_f0.25,Cast Iron,0.75,0.25,0.07,Random Forest,0.1083898335216465,-0.03838983352164649
11,5,C1_CastIron_d0.75_f0.25,Cast Iron,0.75,0.25,0.08,Random Forest,0.13918671428370596,-0.05918671428370596
11,6,C1_CastIron_d0.75_f0.25,Cast Iron,0.75,0.25,0.09,Random Forest,0.12073809763498414,-0.03073809763498414
11,8,C1_CastIron_d0.75_f0.25,Cast Iron,0.75,0.25,0.12,Random Forest,0.14094140946333472,-0.020941409463334726
11,9,C1_CastIron_d0.75_f0.25,Cast Iron,0.75,0.25,0.16,Random Forest,0.17861659533915272,-0.01861659533915272
11,10,C1_CastIron_d0.75_f0.25,Cast Iron,0.75,0.25,0.18,Random Forest,0.19755679379830704,-0.017556793798307047
11,11,C1_CastIron_d0.75_f0.25,Cast Iron,0.75,0.25,0.2,Random Forest,0.16977139701116492,0.03022860298883509
11,12,C1_CastIron_d0.75_f0.25,Cast Iron,0.75,0.25,0.23,Random Forest,0.16858534200064393,0.06141465799935608
11,13,C1_CastIron_d0.75_f0.25,Cast Iron,0.75,0.25,0.26,Random Forest,0.18606751578274422,0.07393248421725579
11,15,C1_CastIron_d0.75_f0.25,Cast Iron,0.75,0.25,0.31,Random Forest,0.18858494173662593,0.12141505826337406
11,16,C1_CastIron_d0.75_f0.25,Cast Iron,0.75,0.25,0.37,Random Forest,0.18166146239169084,0.18833853760830915
11,18,C1_CastIron_d0.75_f0.25,Cast Iron,0.75,0.25,0.42,Random Forest,0.28415797475283083,0.13584202524716915
11,19,C1_CastIron_d0.75_f0.25,Cast Iron,0.75,0.25,0.47,Random Forest,0.3415960431433743,0.1284039568566257
11,20,C1_CastIron_d0.75_f0.25,Cast Iron,0.75,0.25,0.57,Random Forest,0.3772514838663524,0.19274851613364757
11,21,C1_CastIron_d0.75_f0.25,Cast Iron,0.75,0.25,0.65,Random Forest,0.34478278029120374,0.3052172197087963
11,22,C1_CastIron_d0.75_f0.25,Cast Iron,0.75,0.25,0.68,Random Forest,0.4830074599983464,0.19699254000165367
11,23,C1_CastIron_d0.75_f0.25,Cast Iron,0.75,0.25,0.76,Random Forest,0.400325448396446,0.359674551603554
12,2,C2_CastIron_d0.75_f0.50,Cast Iron,0.75,0.5,0.05,Random Forest,0.15330674590830312,-0.10330674590830312
12,3,C2_CastIron_d0.75_f0.50,Cast Iron,0.75,0.5,0.08,Random Forest,0.15518979661755236,-0.07518979661755236
12,5,C2_CastIron_d0.75_f0.50,Cast Iron,0.75,0.5,0.12,Random Forest,0.2731207719123413,-0.1531207719123413
12,6,C2_CastIron_d0.75_f0.50,Cast Iron,0.75,0.5,0.17,Random Forest,0.29158327462950184,-0.12158327462950183
12,7,C2_CastIron_d0.75_f0.50,Cast Iron,0.75,0.5,0.2,Random Forest,0.31727613128374516,-0.11727613128374514
12,8,C2_CastIron_d0.75_f0.50,Cast Iron,0.75,0.5,0.24,Random Forest,0.4062564395879747,-0.1662564395879747
12,9,C2_CastIron_d0.75_f0.50,Cast Iron,0.75,0.5,0.32,Random Forest,0.49471013795689134,-0.17471013795689133
12,11,C2_CastIron_d0.75_f0.50,Cast Iron,0.75,0.5,0.4,Random Forest,0.4693097508614423,-0.06930975086144225
12,12,C2_CastIron_d0.75_f0.50,Cast Iron,0.75,0.5,0.45,Random Forest,0.45268438273560896,-0.002684382735608948
12,13,C2_CastIron_d0.75_f0.50,Cast Iron,0.75,0.5,0.49,Random Forest,0.5510586970138265,-0.06105869701382649
12,14,C2_CastIron_d0.75_f0.50,Cast Iron,0.75,0.5,0.58,Random Forest,0.4061003913560004,0.17389960864399956
12,15,C2_CastIron_d0.75_f0.50,Cast Iron,0.75,0.5,0.65,Random Forest,0.4749433503728181,0.17505664962718193
5,1,C8_Stainless_d1.50_f0.50,Stainless Steel J45,1.5,0.5,0.0,Random Forest,0.21034545487139136,-0.21034545487139136
5,2,C8_Stainless_d1.50_f0.50,Stainless Steel J45,1.5,0.5,0.16,Random Forest,0.493008280021436,-0.333008280021436
5,3,C8_Stainless_d1.50_f0.50,Stainless Steel J45,1.5,0.5,0.29,Random Forest,0.5482029971753116,-0.25820299717531164
5,4,C8_Stainless_d1.50_f0.50,Stainless Steel J45,1.5,0.5,0.44,Random Forest,0.4627466980158524,-0.022746698015852385
5,5,C8_Stainless_d1.50_f0.50,Stainless Steel J45,1.5,0.5,0.53,Random Forest,0.48299322358319224,0.04700677641680778
5,6,C8_Stainless_d1.50_f0.50,Stainless Steel J45,1.5,0.5,0.74,Random Forest,0.4368346178872312,0.3031653821127688
6,1,C7_Stainless_d1.50_f0.25,Stainless Steel J45,1.5,0.25,0.0,Random Forest,0.11917841030095568,-0.11917841030095568
7,1,C5_Stainless_d0.75_f0.25,Stainless Steel J45,0.75,0.25,0.0,Random Forest,0.051190470283989285,-0.051190470283989285
7,2,C5_Stainless_d0.75_f0.25,Stainless Steel J45,0.75,0.25,0.09,Random Forest,0.05649692673588456,0.03350307326411544
7,3,C5_Stainless_d0.75_f0.25,Stainless Steel J45,0.75,0.25,0.13,Random Forest,0.11739042192408305,0.01260957807591695
7,4,C5_Stainless_d0.75_f0.25,Stainless Steel J45,0.75,0.25,0.22,Random Forest,0.18006602720379036,0.03993397279620964
7,5,C5_Stainless_d0.75_f0.25,Stainless Steel J45,0.75,0.25,0.24,Random Forest,0.15201345688135195,0.08798654311864804
7,6,C5_Stainless_d0.75_f0.25,Stainless Steel J45,0.75,0.25,0.34,Random Forest,0.10848643092774346,0.23151356907225656
7,7,C5_Stainless_d0.75_f0.25,Stainless Steel J45,0.75,0.25,0.46,Random Forest,0.2582105025530025,0.20178949744699753
8,1,C6_Stainless_d0.75_f0.50,Stainless Steel J45,0.75,0.5,0.0,Random Forest,0.07190636182115115,-0.07190636182115115
8,2,C6_Stainless_d0.75_f0.50,Stainless Steel J45,0.75,0.5,0.18,Random Forest,0.28574559444674114,-0.10574559444674114
8,3,C6_Stainless_d0.75_f0.50,Stainless Steel J45,0.75,0.5,0.3,Random Forest,0.16345600484831574,0.13654399515168425
8,5,C6_Stainless_d0.75_f0.50,Stainless Steel J45,0.75,0.5,0.44,Random Forest,0.350824448079816,0.089175551920184
8,6,C6_Stainless_d0.75_f0.50,Stainless Steel J45,0.75,0.5,0.62,Random Forest,0.38828776239767476,0.23171223760232523
13,3,C5_Stainless_d0.75_f0.25,Stainless Steel J45,0.75,0.25,0.1,Random Forest,0.23326767987731217,-0.13326767987731217
13,4,C5_Stainless_d0.75_f0.25,Stainless Steel J45,0.75,0.25,0.13,Random Forest,0.18911747798370176,-0.05911747798370176
13,5,C5_Stainless_d0.75_f0.25,Stainless Steel J45,0.75,0.25,0.17,Random Forest,0.0902506695015182,0.07974933049848182
13,6,C5_Stainless_d0.75_f0.25,Stainless Steel J45,0.75,0.25,0.32,Random Forest,0.24564691780165426,0.07435308219834574
13,7,C5_Stainless_d0.75_f0.25,Stainless Steel J45,0.75,0.25,0.38,Random Forest,0.24669517030077773,0.13330482969922228
13,8,C5_Stainless_d0.75_f0.25,Stainless Steel J45,0.75,0.25,0.49,Random Forest,0.26982319260698906,0.22017680739301093
13,9,C5_Stainless_d0.75_f0.25,Stainless Steel J45,0.75,0.25,0.56,Random Forest,0.257795122621419,0.30220487737858104
13,10,C5_Stainless_d0.75_f0.25,Stainless Steel J45,0.75,0.25,0.68,Random Forest,0.3088664495883124,0.37113355041168766
13,11,C5_Stainless_d0.75_f0.25,Stainless Steel J45,0.75,0.25,0.83,Random Forest,0.3289165515739488,0.5010834484260511
13,12,C5_Stainless_d0.75_f0.25,Stainless Steel J45,0.75,0.25,0.92,Random Forest,0.4240492107160296,0.49595078928397046
13,13,C5_Stainless_d0.75_f0.25,Stainless Steel J45,0.75,0.25,1.07,Random Forest,0.39587078535956605,0.6741292146404341
13,14,C5_Stainless_d0.75_f0.25,Stainless Steel J45,0.75,0.25,1.3,Random Forest,0.3180012510085566,0.9819987489914435
13,15,C5_Stainless_d0.75_f0.25,Stainless Steel J45,0.75,0.25,1.53,Random Forest,0.5186975650821778,1.0113024349178223
14,2,C6_Stainless_d0.75_f0.50,Stainless Steel J45,0.75,0.5,0.09,Random Forest,0.3188357005207192,-0.2288357005207192
14,3,C6_Stainless_d0.75_f0.50,Stainless Steel J45,0.75,0.5,0.17,Random Forest,0.3455696527588051,-0.17556965275880507
14,4,C6_Stainless_d0.75_f0.50,Stainless Steel J45,0.75,0.5,0.24,Random Forest,0.37604002203377973,-0.13604002203377974
14,6,C6_Stainless_d0.75_f0.50,Stainless Steel J45,0.75,0.5,0.35,Random Forest,0.5471935130016184,-0.19719351300161847
14,8,C6_Stainless_d0.75_f0.50,Stainless Steel J45,0.75,0.5,0.6,Random Forest,0.5734806186459014,0.026519381354098592
14,9,C6_Stainless_d0.75_f0.50,Stainless Steel J45,0.75,0.5,0.81,Random Forest,0.5000462643901996,0.30995373560980044
14,10,C6_Stainless_d0.75_f0.50,Stainless Steel J45,0.75,0.5,1.14,Random Forest,0.5911855920605086,0.5488144079394913
15,2,C7_Stainless_d1.50_f0.25,Stainless Steel J45,1.5,0.25,0.15,Random Forest,0.6094583608005713,-0.45945836080057123
15,3,C7_Stainless_d1.50_f0.25,Stainless Steel J45,1.5,0.25,0.28,Random Forest,0.482517994107831,-0.202517994107831
15,4,C7_Stainless_d1.50_f0.25,Stainless Steel J45,1.5,0.25,0.37,Random Forest,0.5118930131249484,-0.1418930131249484
15,5,C7_Stainless_d1.50_f0.25,Stainless Steel J45,1.5,0.25,0.48,Random Forest,0.7869075756675759,-0.30690757566757587
15,6,C7_Stainless_d1.50_f0.25,Stainless Steel J45,1.5,0.25,0.56,Random Forest,0.4852411512425928,0.07475884875740724
15,7,C7_Stainless_d1.50_f0.25,Stainless Steel J45,1.5,0.25,0.7,Random Forest,0.5941944296759312,0.10580557032406879
16,3,C8_Stainless_d1.50_f0.50,Stainless Steel J45,1.5,0.5,0.24,Random Forest,0.34135913418281055,-0.10135913418281056
16,5,C8_Stainless_d1.50_f0.50,Stainless Steel J45,1.5,0.5,0.4,Random Forest,0.5941385175105798,-0.19413851751057976
16,6,C8_Stainless_d1.50_f0.50,Stainless Steel J45,1.5,0.5,0.62,Random Forest,0.5955946849945072,0.02440531500549281
1,1,C4_CastIron_d1.50_f0.50,Cast Iron,1.5,0.5,0.0,Gradient Boosting,0.1771214966332626,-0.1771214966332626
1,4,C4_CastIron_d1.50_f0.50,Cast Iron,1.5,0.5,0.11,Gradient Boosting,0.1781750281799247,-0.0681750281799247
1,6,C4_CastIron_d1.50_f0.50,Cast Iron,1.5,0.5,0.2,Gradient Boosting,0.15644078494006683,0.04355921505993318
1,7,C4_CastIron_d1.50_f0.50,Cast Iron,1.5,0.5,0.24,Gradient Boosting,0.422693976499394,-0.182693976499394
1,8,C4_CastIron_d1.50_f0.50,Cast Iron,1.5,0.5,0.29,Gradient Boosting,0.2823218069790614,0.007678193020938584
1,9,C4_CastIron_d1.50_f0.50,Cast Iron,1.5,0.5,0.28,Gradient Boosting,0.45873314447869057,-0.17873314447869054
1,10,C4_CastIron_d1.50_f0.50,Cast Iron,1.5,0.5,0.29,Gradient Boosting,0.4901550155472046,-0.2001550155472046
1,11,C4_CastIron_d1.50_f0.50,Cast Iron,1.5,0.5,0.38,Gradient Boosting,0.593386874327167,-0.21338687432716696
1,12,C4_CastIron_d1.50_f0.50,Cast Iron,1.5,0.5,0.4,Gradient Boosting,0.5084336679850711,-0.10843366798507104
1,13,C4_CastIron_d1.50_f0.50,Cast Iron,1.5,0.5,0.43,Gradient Boosting,0.5405525847737275,-0.11055258477372748
1,14,C4_CastIron_d1.50_f0.50,Cast Iron,1.5,0.5,0.45,Gradient Boosting,0.5081128548536662,-0.058112854853666185
1,15,C4_CastIron_d1.50_f0.50,Cast Iron,1.5,0.5,0.5,Gradient Boosting,0.5464914350803143,-0.04649143508031428
1,17,C4_CastIron_d1.50_f0.50,Cast Iron,1.5,0.5,0.44,Gradient Boosting,0.5669136463281773,-0.1269136463281773
2,2,C2_CastIron_d0.75_f0.50,Cast Iron,0.75,0.5,0.14,Gradient Boosting,0.054168737580938986,0.08583126241906103
2,3,C2_CastIron_d0.75_f0.50,Cast Iron,0.75,0.5,0.14,Gradient Boosting,0.06003461034824817,0.07996538965175184
2,4,C2_CastIron_d0.75_f0.50,Cast Iron,0.75,0.5,0.14,Gradient Boosting,0.05212821637909339,0.08787178362090663
2,5,C2_CastIron_d0.75_f0.50,Cast Iron,0.75,0.5,0.15,Gradient Boosting,0.1688793498845364,-0.018879349884536406
2,7,C2_CastIron_d0.75_f0.50,Cast Iron,0.75,0.5,0.18,Gradient Boosting,0.1744193157154817,0.0055806842845183
2,8,C2_CastIron_d0.75_f0.50,Cast Iron,0.75,0.5,0.22,Gradient Boosting,0.16515731274285156,0.05484268725714844
2,9,C2_CastIron_d0.75_f0.50,Cast Iron,0.75,0.5,0.26,Gradient Boosting,0.43312987244751266,-0.17312987244751266
2,10,C2_CastIron_d0.75_f0.50,Cast Iron,0.75,0.5,0.31,Gradient Boosting,0.5370486001044575,-0.22704860010445754
2,11,C2_CastIron_d0.75_f0.50,Cast Iron,0.75,0.5,0.38,Gradient Boosting,0.34782295061512963,0.03217704938487037
2,12,C2_CastIron_d0.75_f0.50,Cast Iron,0.75,0.5,0.43,Gradient Boosting,0.47499805527294453,-0.04499805527294454
2,13,C2_CastIron_d0.75_f0.50,Cast Iron,0.75,0.5,0.48,Gradient Boosting,0.6527169931620682,-0.17271699316206823
2,14,C2_CastIron_d0.75_f0.50,Cast Iron,0.75,0.5,0.55,Gradient Boosting,0.6610286533592941,-0.11102865335929402
3,1,C1_CastIron_d0.75_f0.25,Cast Iron,0.75,0.25,0.0,Gradient Boosting,0.11468322869413253,-0.11468322869413253
3,2,C1_CastIron_d0.75_f0.25,Cast Iron,0.75,0.25,0.13,Gradient Boosting,0.10366575919683631,0.026334240803163697
3,3,C1_CastIron_d0.75_f0.25,Cast Iron,0.75,0.25,0.13,Gradient Boosting,0.10038343978388045,0.029616560216119553
3,5,C1_CastIron_d0.75_f0.25,Cast Iron,0.75,0.25,0.17,Gradient Boosting,0.05547043713522808,0.11452956286477192
3,6,C1_CastIron_d0.75_f0.25,Cast Iron,0.75,0.25,0.19,Gradient Boosting,0.10349528326254129,0.08650471673745871
3,7,C1_CastIron_d0.75_f0.25,Cast Iron,0.75,0.25,0.2,Gradient Boosting,0.05686116284349808,0.14313883715650194
3,8,C1_CastIron_d0.75_f0.25,Cast Iron,0.75,0.25,0.23,Gradient Boosting,0.3704970367624363,-0.14049703676243627
3,9,C1_CastIron_d0.75_f0.25,Cast Iron,0.75,0.25,0.23,Gradient Boosting,0.22273539205426116,0.007264607945738855
3,10,C1_CastIron_d0.75_f0.25,Cast Iron,0.75,0.25,0.26,Gradient Boosting,0.3036973340252386,-0.043697334025238566
3,11,C1_CastIron_d0.75_f0.25,Cast Iron,0.75,0.25,0.28,Gradient Boosting,0.34979409339243966,-0.06979409339243964
3,12,C1_CastIron_d0.75_f0.25,Cast Iron,0.75,0.25,0.33,Gradient Boosting,0.3838893450841587,-0.05388934508415866
3,14,C1_CastIron_d0.75_f0.25,Cast Iron,0.75,0.25,0.36,Gradient Boosting,0.4588669490207246,-0.09886694902072463
3,15,C1_CastIron_d0.75_f0.25,Cast Iron,0.75,0.25,0.44,Gradient Boosting,0.46670674150938357,-0.02670674150938357
3,16,C1_CastIron_d0.75_f0.25,Cast Iron,0.75,0.25,0.55,Gradient Boosting,0.4584817829933532,0.09151821700664686
4,1,C3_CastIron_d1.50_f0.25,Cast Iron,1.5,0.25,0.08,Gradient Boosting,0.1470463229881872,-0.0670463229881872
4,2,C3_CastIron_d1.50_f0.25,Cast Iron,1.5,0.25,0.13,Gradient Boosting,0.12551299418988704,0.004487005810112965
4,3,C3_CastIron_d1.50_f0.25,Cast Iron,1.5,0.25,0.2,Gradient Boosting,0.2596088374415383,-0.059608837441538276
4,4,C3_CastIron_d1.50_f0.25,Cast Iron,1.5,0.25,0.31,Gradient Boosting,0.15362805286263242,0.15637194713736757
4,5,C3_CastIron_d1.50_f0.25,Cast Iron,1.5,0.25,0.35,Gradient Boosting,0.28193456335572004,0.06806543664427994
4,6,C3_CastIron_d1.50_f0.25,Cast Iron,1.5,0.25,0.4,Gradient Boosting,0.47728894766112,-0.07728894766111999
4,7,C3_CastIron_d1.50_f0.25,Cast Iron,1.5,0.25,0.49,Gradient Boosting,0.5041408770460183,-0.014140877046018296
9,1,C4_CastIron_d1.50_f0.50,Cast Iron,1.5,0.5,0.0,Gradient Boosting,0.11419669606334516,-0.11419669606334516
9,2,C4_CastIron_d1.50_f0.50,Cast Iron,1.5,0.5,0.1,Gradient Boosting,0.10182914061760726,-0.00182914061760725
9,3,C4_CastIron_d1.50_f0.50,Cast Iron,1.5,0.5,0.14,Gradient Boosting,0.15377619725076005,-0.013776197250760042
9,4,C4_CastIron_d1.50_f0.50,Cast Iron,1.5,0.5,0.19,Gradient Boosting,0.23516467694795098,-0.04516467694795098
9,5,C4_CastIron_d1.50_f0.50,Cast Iron,1.5,0.5,0.27,Gradient Boosting,0.45111837197298416,-0.18111837197298414
9,6,C4_CastIron_d1.50_f0.50,Cast Iron,1.5,0.5,0.38,Gradient Boosting,0.644840922461041,-0.26484092246104096
9,7,C4_CastIron_d1.50_f0.50,Cast Iron,1.5,0.5,0.47,Gradient Boosting,0.6009994258792599,-0.13099942587925995
9,8,C4_CastIron_d1.50_f0.50,Cast Iron,1.5,0.5,0.64,Gradient Boosting,0.6065214844094642,0.03347851559053583
9,9,C4_CastIron_d1.50_f0.50,Cast Iron,1.5,0.5,0.81,Gradient Boosting,0.6169459554892333,0.1930540445107668
10,1,C3_CastIron_d1.50_f0.25,Cast Iron,1.5,0.25,0.0,Gradient Boosting,0.050795206025397555,-0.050795206025397555
10,2,C3_CastIron_d1.50_f0.25,Cast Iron,1.5,0.25,0.04,Gradient Boosting,0.163724142138111,-0.123724142138111
10,3,C3_CastIron_d1.50_f0.25,Cast Iron,1.5,0.25,0.08,Gradient Boosting,0.09345164084406397,-0.013451640844063972
10,4,C3_CastIron_d1.50_f0.25,Cast Iron,1.5,0.25,0.16,Gradient Boosting,0.09271886290816037,0.06728113709183964
10,5,C3_CastIron_d1.50_f0.25,Cast Iron,1.5,0.25,0.25,Gradient Boosting,0.30941823900324095,-0.05941823900324095
10,6,C3_CastIron_d1.50_f0.25,Cast Iron,1.5,0.25,0.36,Gradient Boosting,0.3557321244700039,0.004267875529996079
10,7,C3_CastIron_d1.50_f0.25,Cast Iron,1.5,0.25,0.43,Gradient Boosting,0.38411575104437096,0.04588424895562904
10,8,C3_CastIron_d1.50_f0.25,Cast Iron,1.5,0.25,0.47,Gradient Boosting,0.5785647399605595,-0.10856473996055949
10,9,C3_CastIron_d1.50_f0.25,Cast Iron,1.5,0.25,0.53,Gradient Boosting,0.6065866210045364,-0.07658662100453639
10,10,C3_CastIron_d1.50_f0.25,Cast Iron,1.5,0.25,0.7,Gradient Boosting,0.6604283177458325,0.039571682254167406
11,1,C1_CastIron_d0.75_f0.25,Cast Iron,0.75,0.25,0.0,Gradient Boosting,0.03488208893935155,-0.03488208893935155
11,2,C1_CastIron_d0.75_f0.25,Cast Iron,0.75,0.25,0.04,Gradient Boosting,0.0793674809602507,-0.0393674809602507
11,3,C1_CastIron_d0.75_f0.25,Cast Iron,0.75,0.25,0.07,Gradient Boosting,0.032530703998347926,0.03746929600165208
11,4,C1_CastIron_d0.75_f0.25,Cast Iron,0.75,0.25,0.07,Gradient Boosting,0.10730614507537783,-0.03730614507537783
11,5,C1_CastIron_d0.75_f0.25,Cast Iron,0.75,0.25,0.08,Gradient Boosting,0.14174347571627888,-0.061743475716278876
11,6,C1_CastIron_d0.75_f0.25,Cast Iron,0.75,0.25,0.09,Gradient Boosting,0.13609168333888827,-0.04609168333888827
11,8,C1_CastIron_d0.75_f0.25,Cast Iron,0.75,0.25,0.12,Gradient Boosting,0.1528475469094028,-0.03284754690940281
11,9,C1_CastIron_d0.75_f0.25,Cast Iron,0.75,0.25,0.16,Gradient Boosting,0.19699130754098654,-0.036991307540986534
11,10,C1_CastIron_d0.75_f0.25,Cast Iron,0.75,0.25,0.18,Gradient Boosting,0.2172223199185704,-0.03722231991857042
11,11,C1_CastIron_d0.75_f0.25,Cast Iron,0.75,0.25,0.2,Gradient Boosting,0.16410712306750067,0.035892876932499346
11,12,C1_CastIron_d0.75_f0.25,Cast Iron,0.75,0.25,0.23,Gradient Boosting,0.15467081403266258,0.07532918596733743
11,13,C1_CastIron_d0.75_f0.25,Cast Iron,0.75,0.25,0.26,Gradient Boosting,0.19116328988711637,0.06883671011288364
11,15,C1_CastIron_d0.75_f0.25,Cast Iron,0.75,0.25,0.31,Gradient Boosting,0.2029023528864221,0.10709764711357789
11,16,C1_CastIron_d0.75_f0.25,Cast Iron,0.75,0.25,0.37,Gradient Boosting,0.16725882327428854,0.20274117672571146
11,18,C1_CastIron_d0.75_f0.25,Cast Iron,0.75,0.25,0.42,Gradient Boosting,0.2875479738567465,0.13245202614325347
11,19,C1_CastIron_d0.75_f0.25,Cast Iron,0.75,0.25,0.47,Gradient Boosting,0.35129482795751776,0.11870517204248221
11,20,C1_CastIron_d0.75_f0.25,Cast Iron,0.75,0.25,0.57,Gradient Boosting,0.40387932023923734,0.1661206797607626
11,21,C1_CastIron_d0.75_f0.25,Cast Iron,0.75,0.25,0.65,Gradient Boosting,0.3211299203749417,0.3288700796250583
11,22,C1_CastIron_d0.75_f0.25,Cast Iron,0.75,0.25,0.68,Gradient Boosting,0.4867985935398492,0.19320140646015083
11,23,C1_CastIron_d0.75_f0.25,Cast Iron,0.75,0.25,0.76,Gradient Boosting,0.4411236128086202,0.3188763871913798
12,2,C2_CastIron_d0.75_f0.50,Cast Iron,0.75,0.5,0.05,Gradient Boosting,0.14555125542414224,-0.09555125542414224
12,3,C2_CastIron_d0.75_f0.50,Cast Iron,0.75,0.5,0.08,Gradient Boosting,0.15268281662998517,-0.07268281662998517
12,5,C2_CastIron_d0.75_f0.50,Cast Iron,0.75,0.5,0.12,Gradient Boosting,0.2471044674502746,-0.1271044674502746
12,6,C2_CastIron_d0.75_f0.50,Cast Iron,0.75,0.5,0.17,Gradient Boosting,0.2983514956520321,-0.1283514956520321
12,7,C2_CastIron_d0.75_f0.50,Cast Iron,0.75,0.5,0.2,Gradient Boosting,0.2673761933126503,-0.06737619331265027
12,8,C2_CastIron_d0.75_f0.50,Cast Iron,0.75,0.5,0.24,Gradient Boosting,0.375875173354122,-0.13587517335412203
12,9,C2_CastIron_d0.75_f0.50,Cast Iron,0.75,0.5,0.32,Gradient Boosting,0.4823053726750038,-0.16230537267500378
12,11,C2_CastIron_d0.75_f0.50,Cast Iron,0.75,0.5,0.4,Gradient Boosting,0.525341298667113,-0.12534129866711297
12,12,C2_CastIron_d0.75_f0.50,Cast Iron,0.75,0.5,0.45,Gradient Boosting,0.473954341891404,-0.023954341891403996
12,13,C2_CastIron_d0.75_f0.50,Cast Iron,0.75,0.5,0.49,Gradient Boosting,0.5237552888133525,-0.033755288813352546
12,14,C2_CastIron_d0.75_f0.50,Cast Iron,0.75,0.5,0.58,Gradient Boosting,0.352210738398601,0.22778926160139895
12,15,C2_CastIron_d0.75_f0.50,Cast Iron,0.75,0.5,0.65,Gradient Boosting,0.4777869729465328,0.17221302705346725
5,1,C8_Stainless_d1.50_f0.50,Stainless Steel J45,1.5,0.5,0.0,Gradient Boosting,0.14760230605817887,-0.14760230605817887
5,2,C8_Stainless_d1.50_f0.50,Stainless Steel J45,1.5,0.5,0.16,Gradient Boosting,0.5514499505506076,-0.3914499505506076
5,3,C8_Stainless_d1.50_f0.50,Stainless Steel J45,1.5,0.5,0.29,Gradient Boosting,0.5313170182252517,-0.2413170182252517
5,4,C8_Stainless_d1.50_f0.50,Stainless Steel J45,1.5,0.5,0.44,Gradient Boosting,0.46427388912921624,-0.024273889129216242
5,5,C8_Stainless_d1.50_f0.50,Stainless Steel J45,1.5,0.5,0.53,Gradient Boosting,0.5175807305824811,0.012419269417518919
5,6,C8_Stainless_d1.50_f0.50,Stainless Steel J45,1.5,0.5,0.74,Gradient Boosting,0.4510704557253783,0.2889295442746217
6,1,C7_Stainless_d1.50_f0.25,Stainless Steel J45,1.5,0.25,0.0,Gradient Boosting,0.16642995666486443,-0.16642995666486443
7,1,C5_Stainless_d0.75_f0.25,Stainless Steel J45,0.75,0.25,0.0,Gradient Boosting,0.04501920748562029,-0.04501920748562029
7,2,C5_Stainless_d0.75_f0.25,Stainless Steel J45,0.75,0.25,0.09,Gradient Boosting,0.04312334234088999,0.046876657659110005
7,3,C5_Stainless_d0.75_f0.25,Stainless Steel J45,0.75,0.25,0.13,Gradient Boosting,0.09868413924020106,0.03131586075979895
7,4,C5_Stainless_d0.75_f0.25,Stainless Steel J45,0.75,0.25,0.22,Gradient Boosting,0.20318477314862712,0.016815226851372878
7,5,C5_Stainless_d0.75_f0.25,Stainless Steel J45,0.75,0.25,0.24,Gradient Boosting,0.13316801152619293,0.10683198847380707
7,6,C5_Stainless_d0.75_f0.25,Stainless Steel J45,0.75,0.25,0.34,Gradient Boosting,0.10875710846138012,0.2312428915386199
7,7,C5_Stainless_d0.75_f0.25,Stainless Steel J45,0.75,0.25,0.46,Gradient Boosting,0.2509613287745025,0.20903867122549752
8,1,C6_Stainless_d0.75_f0.50,Stainless Steel J45,0.75,0.5,0.0,Gradient Boosting,0.05363427310672582,-0.05363427310672582
8,2,C6_Stainless_d0.75_f0.50,Stainless Steel J45,0.75,0.5,0.18,Gradient Boosting,0.30687451625144774,-0.12687451625144774
8,3,C6_Stainless_d0.75_f0.50,Stainless Steel J45,0.75,0.5,0.3,Gradient Boosting,0.14519799358255167,0.15480200641744832
8,5,C6_Stainless_d0.75_f0.50,Stainless Steel J45,0.75,0.5,0.44,Gradient Boosting,0.25261987424876775,0.18738012575123225
8,6,C6_Stainless_d0.75_f0.50,Stainless Steel J45,0.75,0.5,0.62,Gradient Boosting,0.28757539193689274,0.33242460806310725
13,3,C5_Stainless_d0.75_f0.25,Stainless Steel J45,0.75,0.25,0.1,Gradient Boosting,0.3148441455275939,-0.21484414552759387
13,4,C5_Stainless_d0.75_f0.25,Stainless Steel J45,0.75,0.25,0.13,Gradient Boosting,0.20067849054635944,-0.07067849054635944
13,5,C5_Stainless_d0.75_f0.25,Stainless Steel J45,0.75,0.25,0.17,Gradient Boosting,0.11302473103101825,0.056975268968981765
13,6,C5_Stainless_d0.75_f0.25,Stainless Steel J45,0.75,0.25,0.32,Gradient Boosting,0.30007444450578685,0.019925555494213154
13,7,C5_Stainless_d0.75_f0.25,Stainless Steel J45,0.75,0.25,0.38,Gradient Boosting,0.2566750498681104,0.1233249501318896
13,8,C5_Stainless_d0.75_f0.25,Stainless Steel J45,0.75,0.25,0.49,Gradient Boosting,0.2554455453230125,0.2345544546769875
13,9,C5_Stainless_d0.75_f0.25,Stainless Steel J45,0.75,0.25,0.56,Gradient Boosting,0.25503021568959827,0.3049697843104018
13,10,C5_Stainless_d0.75_f0.25,Stainless Steel J45,0.75,0.25,0.68,Gradient Boosting,0.3016742574253472,0.37832574257465285
13,11,C5_Stainless_d0.75_f0.25,Stainless Steel J45,0.75,0.25,0.83,Gradient Boosting,0.29756251304221015,0.5324374869577898
13,12,C5_Stainless_d0.75_f0.25,Stainless Steel J45,0.75,0.25,0.92,Gradient Boosting,0.49633822132236843,0.4236617786776316
13,13,C5_Stainless_d0.75_f0.25,Stainless Steel J45,0.75,0.25,1.07,Gradient Boosting,0.47471239317029884,0.5952876068297013
13,14,C5_Stainless_d0.75_f0.25,Stainless Steel J45,0.75,0.25,1.3,Gradient Boosting,0.3279948833398014,0.9720051166601986
13,15,C5_Stainless_d0.75_f0.25,Stainless Steel J45,0.75,0.25,1.53,Gradient Boosting,0.7765555981997734,0.7534444018002266
14,2,C6_Stainless_d0.75_f0.50,Stainless Steel J45,0.75,0.5,0.09,Gradient Boosting,0.31929072397721137,-0.22929072397721137
14,3,C6_Stainless_d0.75_f0.50,Stainless Steel J45,0.75,0.5,0.17,Gradient Boosting,0.319079289550289,-0.149079289550289
14,4,C6_Stainless_d0.75_f0.50,Stainless Steel J45,0.75,0.5,0.24,Gradient Boosting,0.32813526439065716,-0.08813526439065716
14,6,C6_Stainless_d0.75_f0.50,Stainless Steel J45,0.75,0.5,0.35,Gradient Boosting,0.598533720960862,-0.24853372096086201
14,8,C6_Stainless_d0.75_f0.50,Stainless Steel J45,0.75,0.5,0.6,Gradient Boosting,0.6146933825021437,-0.014693382502143693
14,9,C6_Stainless_d0.75_f0.50,Stainless Steel J45,0.75,0.5,0.81,Gradient Boosting,0.4961887886649473,0.31381121133505274
14,10,C6_Stainless_d0.75_f0.50,Stainless Steel J45,0.75,0.5,1.14,Gradient Boosting,0.6362968007934197,0.5037031992065802
15,2,C7_Stainless_d1.50_f0.25,Stainless Steel J45,1.5,0.25,0.15,Gradient Boosting,0.597109391825275,-0.447109391825275
15,3,C7_Stainless_d1.50_f0.25,Stainless Steel J45,1.5,0.25,0.28,Gradient Boosting,0.489769637076579,-0.20976963707657897
15,4,C7_Stainless_d1.50_f0.25,Stainless Steel J45,1.5,0.25,0.37,Gradient Boosting,0.5856456595175161,-0.21564565951751613
15,5,C7_Stainless_d1.50_f0.25,Stainless Steel J45,1.5,0.25,0.48,Gradient Boosting,0.6809697860074037,-0.20096978600740367
15,6,C7_Stainless_d1.50_f0.25,Stainless Steel J45,1.5,0.25,0.56,Gradient Boosting,0.4679667602216431,0.09203323977835698
15,7,C7_Stainless_d1.50_f0.25,Stainless Steel J45,1.5,0.25,0.7,Gradient Boosting,0.551717233865192,0.14828276613480795
16,3,C8_Stainless_d1.50_f0.50,Stainless Steel J45,1.5,0.5,0.24,Gradient Boosting,0.5000602763735936,-0.26006027637359364
16,5,C8_Stainless_d1.50_f0.50,Stainless Steel J45,1.5,0.5,0.4,Gradient Boosting,0.5946393469246053,-0.19463934692460527
16,6,C8_Stainless_d1.50_f0.50,Stainless Steel J45,1.5,0.5,0.62,Gradient Boosting,0.6712951263030407,-0.05129512630304067
